"tfs","CN_BT_A","CN_AT_A","CN_BT_B","CN_AT_B","CN_BT_C","CN_AT_C","CN_BT_D","CN_AT_D","CN_BT_E","CN_AT_E","CN_BT_F","CN_AT_F","CN_BT_G","CN_AT_G"
"AHR",0.101688495449688,3.3703867609914,0.0920017105487658,1.9500280166148,0.471212339103867,2.30498955966852,0.191944506019325,1.58811581363596,0.168397263568598,1.29074504393253,-4.12955449410059,-4.55411446372053,-2.01239725008453,-1.16213482591329
"AR",0.901622741187058,1.95854523634648,-0.263630492754311,0.311701202442826,-0.859293587144066,2.17141464328482,-1.34145598128006,-0.107871686304264,0.754658666690718,3.08463960663695,-2.25527483012324,-0.694300994640054,-4.06899000009999,-0.674305400514374
"ARID1A",0.647531379793809,-0.981510111857397,-0.482360373180079,1.88275514736353,0.584229936121915,2.80816807357808,0.506629783960648,0.181897847613194,0.40835347292647,-0.283778535317746,-1.75289607596293,-2.90018388855746,0.118289443761172,-0.00233585125401874
"ARID1B",-0.829389020470853,-0.82038590722995,0.467948206254842,3.60462112355489,3.30821984461618,1.5101138463332,2.9478630391278,-1.21556421696949,-2.14906106026631,-0.820897691758865,-0.774001399808517,-2.86006841842168,0.581334226368245,-1.26887357673394
"ARID2",-1.62237383700904,1.983208182686,-1.20502606464716,2.59674595080334,2.03428640331421,0.00201759004784885,3.74602669092294,2.21203461952592,-1.22561249449648,-0.0566619264638979,-4.17904729120569,-3.57863556058811,0.104856280892608,-1.07595983752358
"ARID3A",2.45003881223289,4.14612875510943,-1.96582865533037,-0.51163412521082,-2.88176806576331,2.03836023499457,1.09312274193925,0.188734721067796,0.585780512801062,1.64562624509249,-3.06503964205124,-2.44871574606121,-2.78462907299869,1.15417641882599
"ARNT",-0.38563591817477,0.807289653126601,2.79303692829937,3.82637008354442,3.38899526963358,1.44986726740326,2.27090825170838,-1.01376431767757,-0.724506904848716,-0.738636311963536,-2.83434973841298,-4.01369490083127,-0.181380341426241,-2.90809560494529
"ARNTL",-2.16027280741389,0.949941555831183,-1.71024374605195,1.02428415848146,-0.835665280635334,2.88106944536998,-0.405866628921081,-1.22685047666831,-1.10067162837218,0.877313884598907,-1.49269029785564,0.570799612137465,-1.0637050984134,4.28510402537074
"ASCL1",3.61102944681926,2.70354388552159,-1.67439345384347,-1.37465837122395,-2.01035267019264,0.0288037004038843,0.492995205274189,-0.146132471653745,0.511737839847522,-0.953582806050578,-0.803502825173228,-0.765660207129616,0.464180267983994,0.416672371772817
"ATF1",0.787705639707135,1.49431598294912,-0.703936929354561,0.0548673987384948,-0.414937803391754,-0.685037176401707,-0.0542866971538012,-0.741285398355129,0.433436940281232,0.561945212640483,-0.71413463743704,-1.52289966652052,-0.240205383461368,1.47829499764947
"ATF2",-1.19303881136522,1.09923964215325,-0.826612348296126,0.778348172288019,0.231155869652948,3.66538462924802,-0.524968197439938,-1.25588204563264,-0.0934097464871968,0.934002418603097,-0.79415242204773,1.19649870362068,-4.12189365918785,0.437514593123676
"ATF3",-1.01041006722327,-3.48499788226808,4.12031141662694,1.04780814685257,3.16927765992796,-2.29072527694686,2.35676756930876,-0.848598472560999,-2.00411670313145,-3.81417683121425,3.56322658337414,1.29346198622227,3.23100429531126,-4.05489441012969
"ATF4",0.572963425486377,2.93352180096318,-1.89791528383267,-0.541646777943945,-1.45269614637839,1.91801172949929,-0.184318737768901,0.605922322267352,-0.570002570244143,1.94663897318819,-1.47363268275052,-0.939069460851856,-2.20880206549912,-0.389691037275867
"ATF6",-2.80470740007404,1.54670801624059,-1.87840892510036,-0.904900783674992,-0.305192055284293,2.74006134789766,-0.571390030509565,5.11762911867173,-0.398432043999326,1.57858299241981,-2.32757315484006,-1.40515993290129,-2.44099507999209,0.103976073651888
"ATF7",-0.993731154057107,-2.35057356160755,0.446284331996901,1.18227629091138,0.821426336562666,2.18390956779149,2.42518142557927,-1.55776667666412,0.457257237642183,-0.89825880508578,0.675116361941878,0.00352574275217334,0.167899691178555,-0.461327022679307
"BACH1",-0.842924663371662,1.45974848708757,-1.52167323969359,0.415722468276681,-0.330429158111267,0.709823073623348,-1.91350712667811,1.30301176554243,1.13532390351118,1.6567325955709,-2.00616989251871,-1.24302510688821,0.324718974108242,0.224755693168682
"BACH2",0.196962486942523,3.43930594440869,-2.87383098552024,-0.442289583623035,-1.2149793344735,1.08448349312767,-1.25306658457876,2.58215179103386,1.02165131677626,3.77936100565603,-3.22160002612439,-1.45177584135371,-3.00276993686737,-0.763375377786024
"BATF",1.63445294314418,2.87525066941207,-0.377704625155314,-0.364032223368173,0.94334077861221,-0.51810090654522,-0.0675332220054567,1.14231584742917,0.150380395416851,0.835449860688158,-2.74513182224225,-3.42752350007886,-0.906479518573812,-0.330589027977701
"BCL11A",-0.074132297812794,1.49486164338436,-0.51276396515726,1.04293136302698,0.425939787476209,2.32459440856056,1.44153347194096,0.134223472811609,-1.84445458050104,-0.333927393040693,-0.65124473993379,-1.71263369671685,-0.73957025121392,-0.724729662622451
"BCL3",2.56687910057848,7.20101900989347,-6.92484929751273,-2.94927356276398,-5.66894532198126,1.13121472688314,-3.81439507381431,1.867199834129,3.85490227873591,7.02828939311147,-4.28740778553988,-0.709340245896945,-5.25770306348035,3.83907862037769
"BCL6",-2.0770261997635,-3.68847751734023,1.59969976140578,0.0554446688879991,1.61980558591424,-1.57561505451614,-0.501904533534254,0.442572144479952,-0.542176375409028,-1.63036545374671,3.08415135337855,1.06358954790744,3.31850725902548,-0.992080653119
"BHLHE22",-2.3416591047911,-1.2079777700949,0.412527931901918,0.83744938738478,-0.859003746278957,-2.59086192027476,-0.179970408523378,1.41489100626356,-0.837245378784935,0.565778202364922,-0.0953076370861843,3.02683269255234,0.225926048865444,0.809929304233782
"BHLHE40",-1.14087578686354,-4.48840267177667,5.27039059276489,0.958380717495373,4.44170688599464,-1.3176472750837,1.89163687978439,-2.05447760501128,-1.76202026198901,-4.52823193214752,4.27939501001302,0.172409943151429,3.53889058770415,-3.22446649258999
"CDX2",0.600983310911607,0.376582976703291,0.292104349149284,1.3512257387418,1.52980286687951,-0.351053591211918,-1.51021014351255,-1.36440520891321,0.95547396880172,1.86735282114853,-1.27070572100674,-2.15747053382527,1.00856112211668,-0.488297833298321
"CEBPA",2.55348101532482,3.37087646793674,-1.64349673362206,-1.35631810950392,-0.919935169413874,0.305789105555025,-0.789324875222634,0.216910519987926,2.23823532712282,2.08140865982974,0.272298052029806,-2.41157822538519,-4.58746419394798,-0.536250476963626
"CEBPB",0.0258462739882556,2.97682352213339,-2.20011664865386,-1.51053964786632,-0.93368816531901,1.25139741995994,-1.51971282198457,1.49156807610606,0.900471451459571,2.40429354668154,-0.382942942956346,-1.2157241108839,-3.60022478406173,0.246103139345047
"CEBPD",0.023483117169813,1.44331842931244,-1.36550010335072,-1.25192534972676,-0.783239505380431,0.534449839914293,-1.37347962045567,-1.14203918295892,1.28537047588821,1.95760411754112,0.2715655841749,0.459709852530206,-1.3767343500084,1.06655195969635
"CEBPG",0.0164852903601165,1.14671453027067,0.837514419062683,1.1141058287093,1.83169193971774,0.819745582950064,0.104470431513505,1.81877107525949,-0.683200083711522,1.16997512664065,-2.82906628003114,-2.83246393905728,-1.25125488563133,-1.93774245848172
"CLOCK",0.583477659018192,1.57635611491372,-2.01613458629442,-0.204758918934587,-0.354661714140383,4.32362352479228,0.0716815595634796,-0.836836095372349,0.652246492119103,0.836259475945029,-2.02449054303894,-2.15401888514467,-2.10772139192922,1.87869606887166
"CREB1",-1.08983591759936,1.14898775972885,-1.21585015245677,0.957035447419145,0.316031081798632,1.93863833637051,-0.185723081964074,-0.725706851641335,0.311769020555021,0.283189855961523,-1.69781565001624,0.536198864500242,-1.78573682170729,0.863733960450414
"CREB3",0.951133424731298,1.06841409187506,-1.02263695722845,-2.25449341497767,-0.0907221517629854,0.790633115495389,-2.69274686366964,0.980511365148782,1.98142563423237,2.75714841816704,-0.898606403741072,-0.0909583293090057,-2.44087544119362,-0.269526498400727
"CREB3L1",-0.523401019749988,0.824517944425331,-2.11673310901199,-1.93167791513302,-1.16022541472984,0.494739364486218,0.47515204716128,1.24201344139611,1.19373150884613,2.62065701348858,-1.17264435452933,-0.903364046334244,-0.06393557125072,0.182345661657636
"CREM",-0.958254271729832,1.20063394565368,-2.17196411527804,-0.45008661066898,-0.663021239822673,1.81974673908239,-1.42624069675351,1.169449745751,2.19489110223302,2.98246480078434,-1.96940318901627,-1.42586925899614,-2.1998187220186,1.83478766445482
"CTCF",0.32747541523787,-0.731571998751067,1.30401544335961,0.0205192537298184,1.19849768521091,1.27549736098593,0.614608066597717,-1.56745168890972,1.80360012877851,-0.603722767693015,0.413489049954338,-1.03372091303068,0.477633299245796,-2.10367752539611
"CTCFL",2.29933946624124,3.10338978185894,-3.25521611864921,-4.14403743099484,-4.42066046468104,0.831758268632343,1.47852971291915,-1.65613915640046,3.23062157828681,2.27709271457513,0.167927035054619,-0.258763128230595,-1.42969645328483,1.69111883154105
"CUX1",1.06637944610686,1.61976987141807,-1.37076820716021,-1.33725015163166,-1.75253604219183,2.1546701953584,-1.16623109193764,0.27332316721685,0.161615823624495,1.25263332818199,-0.336858389912126,0.108078487675768,-2.8981390369675,1.41934600121818
"DNMT3B",1.66041197586738,-0.19987610833675,-1.84435221122272,-1.69222168808606,-0.32414187396606,0.908105235534933,1.0902839458179,-2.59446629833963,-0.219375498533122,-0.0704478666257848,0.806818325014304,1.92396799067443,0.16446972036988,0.672640638059344
"DUX4",-2.25510337570933,-1.22285743079872,1.63402698610971,2.53138216234833,3.2535843093607,0.103140710251686,2.01290164628925,-0.988002899671006,-0.403501815207002,-0.13294606294086,-2.4106052214087,-2.0391558812647,0.792275815647026,0.183848818476077
"E2F1",-0.482334231613257,1.12354675986497,0.562006001874826,2.33721165620203,1.89210298724727,1.64297643115387,0.42497338953043,-0.373487828748131,-0.713081269643923,-0.116630195938939,-2.27196326367305,-3.0610928139142,-1.13338719621695,0.550092640208137
"E2F2",-0.744963225091326,0.20059095822128,1.10554195073729,0.372554750844825,0.584445022057125,0.968208689524074,-0.539430419075375,-0.820284074080525,-0.678802716982408,-0.903094701107864,1.13769936185595,-0.797221448083129,0.0303330972093935,0.720477030941697
"E2F3",-0.543550728734403,0.979280038083082,0.458053557025757,0.6025803075181,-0.394217611904667,1.13495176352738,-0.796080432563535,-0.569149065821633,0.17378119047096,-0.103748309940539,0.194687234961992,-0.806745808184351,-0.654902376569275,0.817854139750694
"E2F4",-2.52240870063731,1.20024152885307,-1.08757378479986,0.0828804819634374,0.574152692103087,1.5387608492559,-1.74543874076047,-0.462329909037169,0.780082454905518,3.70787444625303,-0.719322851884634,0.478443112072601,-3.10070310794543,1.24466800921809
"E2F5",1.65247943345936,1.60054808366415,-1.91174907274828,0.197839083615631,-1.02434999226366,0.819465418575455,-1.13527889500143,-0.0953771798506223,0.889619859248793,2.68811405379114,-1.68311288837071,-0.0829138077289362,-1.73112837743871,-0.720034315679377
"E2F6",-0.742709086261308,-2.50735294124781,4.29040228463349,3.50891519719799,3.72358763932208,-0.172549770153177,1.06930724673125,-1.35398918935011,-3.15901074519755,-3.49801294703544,0.0667672809700061,0.894026844317767,1.65104880121925,-2.67609014040194
"E2F7",-1.75875790125786,0.597490867578848,-1.59280478072895,-0.295433456110794,-0.260864376754159,2.72534856321183,-0.965798429294807,0.215956713327087,1.02565214690764,1.75161331532911,-0.253653051738465,-0.845404875073443,-2.20418445409167,1.47744027392815
"EBF1",1.0249444786212,2.29449108047722,-0.917478926048345,-0.636109794821415,-0.68627994505807,4.00879290618956,1.40313306252497,0.10848439312908,1.17081500519898,0.866920172125932,-1.52746499603133,-3.16301178779314,-2.31479923315676,-1.44766106719315
"EGR1",2.65418028121968,4.440343792934,-2.41704876413084,-0.693202339875752,-2.58160995703293,1.03000466498844,-2.85561056177807,1.47295253725788,3.2256615557304,3.23035926678099,-2.41366089750762,-2.1365547396002,-4.11137244573715,-0.139610001801759
"EHF",-0.133051690567406,-0.493436084691285,-0.427143246868778,-0.632967693834104,0.850185830596756,0.0472050936922359,-0.0493493620966421,0.506037185575746,-0.126960158649488,-0.548368162958623,-0.549139237449282,-0.457266512815092,-0.0376471940058007,1.5887117088823
"ELF1",0.294250136386503,4.06324004615844,-2.58216771070012,0.216369873423986,-1.62566394317542,0.932412130849081,1.3179274468017,2.03586757574938,0.227099148298534,3.32451872601516,-4.0623898100365,-3.27428382038967,-2.29104525081411,-0.26038780386969
"ELF3",-0.516704325240432,1.39780243536519,-0.257120949671883,0.792993311690493,0.626447594117253,-0.118789153132019,-0.243724185949463,-0.0980599910306935,-1.17530784385089,0.679238413209272,-0.607958898886146,-0.678079636287745,0.467844341834973,-1.06609080589683
"ELF5",-1.25718295418711,-1.18581978395124,2.38075341065649,1.23195144263653,1.92320733131863,1.17255871634443,0.118702188881257,-1.25670861081937,-1.63973616700407,-0.562930699519912,-0.568594619961715,0.712485642217358,0.156213180658041,0.252552111652429
"ELK1",-0.691053797375525,0.470429267119586,-0.595218829525064,-0.113596189121349,-0.190194556435188,3.79910467986364,-0.553630202145198,-1.56457516711527,0.309150634393997,0.675123398008007,-1.50275267267449,0.397348297244012,-2.33085226919504,2.25574273265258
"ELK4",-1.40450485409577,1.8202926193457,-2.02857582680142,0.518308004320345,-0.729743067281616,0.829186631004679,-1.18195792385164,1.52864997595008,1.72393737030039,2.49919113776733,-2.90362589709665,-1.21713407280099,-3.49445973424118,2.45824516416708
"EOMES",0.612565983906636,0.447736803532792,1.71709180834241,2.35555033973286,2.26970255778918,1.41540141951286,-0.381296841632746,-1.06657165943731,-0.694116177655004,-1.30188448783537,-1.91543626402252,-2.58449767852231,1.6926291095798,-1.32094955442972
"EPAS1",0.556919654499986,1.44001394205925,-1.57722669665332,-0.580073698353598,-1.63687638427695,-0.242571291603426,-0.416935118532233,0.626671417412779,1.74786986973914,1.35023852424443,-1.55690666025761,0.409453974562145,-1.76990662999293,0.858875303416898
"ERG",-0.991309425370395,-0.00605880843565453,0.265852420315323,-0.706396122517563,-0.798474896071938,1.79327533209038,-0.38662915671962,-1.04314391146636,3.02268583543472,1.25285899679515,0.521940211160046,-1.02488597578834,-0.0434754975489433,-1.47544881022114
"ESR1",-0.0558598471734589,2.36053901811088,-0.00659612889815385,1.49402320194976,-0.822481266390733,0.240209005455187,-0.261627495967375,1.33698847406058,1.78573033542541,2.79936341361429,-1.68923041885959,-2.98184377850428,-4.64215979787129,-0.526181301361623
"ESR2",-1.41543217023423,1.06864324293659,0.446018177877071,0.416653530405626,-1.347768430322,0.195032219609183,-0.0841125272358329,0.393818996757544,0.0710343672205617,0.933290522463397,0.4785133381363,-0.256095015804846,-1.36633439740816,-0.216785997612172
"ESRRA",-1.79638534400899,-0.28545084071938,0.473162214881662,-0.0911452794928956,-1.46285548476965,1.0715540948409,-1.86844135732536,-0.255627279230437,1.32861212603585,2.11385658473657,1.20693148312649,2.08604199295042,-0.491888172386256,-1.73806773834742
"ETS1",0.534372563588799,4.06756821011576,-3.56081631135103,-1.788254027669,-0.518430363331045,2.47615803176128,0.274385004947016,1.94728800174111,1.87647186205631,2.15607883451451,-1.60262780083682,-2.16132044577554,-3.47518796891259,-2.35441289091589
"ETS2",0.97498592936405,2.74470668559559,-1.22017956865205,0.561945540568786,-0.904789864008231,1.68053556451625,0.139379631563262,0.729175619389556,0.398536045304809,1.79787308100961,-2.13203110905883,-3.14682013546676,-2.13252643484884,-0.32260151671411
"ETV1",-0.818177157861776,-1.21595608647202,0.0436548686313808,0.60856649288975,1.08355203489761,2.95384831795992,2.23070924386538,-0.405590372595724,1.1507893699444,-0.054687270966316,-1.55922009068893,-1.40231372428475,-0.757316080882109,-0.124603930636614
"ETV4",0.0962040347440237,2.02831648824524,0.355180382305535,-0.70303429072274,0.822042754449583,1.88372114057658,-0.586654042331632,0.601424510374148,2.41076562518687,1.48338365826308,-1.83931176270617,-4.23671671231464,-1.44134421080685,-1.26540292348017
"FLI1",0.458848408949898,0.858786421555554,0.0532435947330106,2.12790072656998,0.29852704022171,1.38487138290899,-0.530144750709963,-0.130851113858353,0.399359159294331,1.36888140991079,-3.14391166946346,-0.300049856296917,-2.79460186845691,-0.911443992253891
"FOS",0.727887855085696,2.87762533739598,-1.32667376834852,-1.09422677522957,-1.26936101445685,-0.141102076886901,-0.773717377306518,1.80781835070449,2.03499286136384,1.07645517385504,-1.07499533797659,-2.17045665844188,-1.29290740495293,-0.378444108828549
"FOSL1",1.10748201592632,0.573739127590167,0.358306863005403,0.00658496282584164,-1.43026169890996,-0.638781136251915,-2.08067750579244,-0.0482321208576035,0.537299564935887,0.970591432727103,0.482135666297308,-1.33162435434732,-0.376980757980843,1.82796887970335
"FOSL2",0.636907237951767,1.90300105636309,0.177422036406329,-0.381980285984958,-2.34594491926514,-0.213580993298669,-0.167190129023321,0.997789383172534,0.57846458614608,0.790887077560696,0.091145579381505,-1.447075625621,-1.32540858241753,0.497270828911614
"FOXA1",-0.205396958581673,-0.148848135469429,0.902688237575528,0.584376922144632,-0.230191320398758,0.912104766501941,-0.116664904165362,1.41728677481531,-0.035983275272914,0.126650933224877,-0.87759855045616,-0.200069905496767,-2.54499750158001,-0.372280790540835
"FOXA2",-0.538205481720575,-0.106047801712229,0.140851589919281,-0.231478406441742,0.631007729799874,0.250089763455612,-0.908420425440483,1.97903373224523,-0.938686310162551,-0.483331620963045,0.471229110542967,0.64325958132191,-1.09765180163097,-1.24224610036874
"FOXJ2",-1.29705733157681,-0.464342257077466,0.839470871405107,2.86096464155688,1.93792302423687,0.382295509774075,1.04789957647097,-2.54143940633987,-1.61859485552903,-0.386070184633548,-1.46654257682339,0.0617410291778386,-1.38954559765731,2.41292064947971
"FOXK2",0.622134119469066,3.46591519170562,-3.16688749898716,-0.928187962821151,-1.29964184071358,1.58783784133666,0.530903930909108,2.17767482200594,1.15601984163149,2.62587673809581,-3.31403673745048,-2.6439491653094,-2.5492991018815,0.772879654168394
"FOXL2",-1.85040790891397,3.34663994919118,-2.4990870917144,0.460766414507891,-0.54121152328485,1.76320545573362,-1.32424146583488,0.0430450810367255,-1.07668042334718,2.09312305931088,-1.89734449756153,-0.200088799380784,-2.03723844271151,2.71829761755454
"FOXM1",0.852537610651575,1.51719522178125,-0.424621623575623,-1.23573811569516,-0.84454438214474,1.18398041860186,0.324211485711119,-0.50477709321628,2.67203194940073,2.12650222567485,-0.391786858192012,-2.00930493358733,-1.58326639992968,-1.72247917348816
"FOXO1",0.0149516629567715,0.449672309626898,0.0811411996631051,0.806568590578577,1.30646032451151,0.255724664312566,-0.826782255507999,-0.572587159437575,-0.671866721992602,-0.745558879673615,-2.09419348200249,0.397032664794886,-0.091973039613555,1.49509765755172
"FOXO3",0.498886736367848,2.09442899090683,0.973702956852707,3.01033539367717,1.21513338465622,1.52693565492952,-0.836589203656907,-2.21737461453491,-1.37887594103352,0.484680852765378,-2.41713915763127,-0.614391290475364,-1.93491920820553,0.435366756270939
"FOXO4",0.368121569281407,1.91796150243893,0.929881186296002,1.67130369803333,-0.0833177053579586,-0.241568678692499,-1.41977504101894,-1.39106489916353,-0.440242813336801,0.937649876237868,-1.9702850449042,0.162892476914192,-1.87445398479384,1.47194853310456
"FOXP1",2.86540731772735,0.73889523199653,-3.43229596831529,-5.84888864375982,-6.04065136204238,-2.08234206377203,-3.92744308540737,2.17990325800262,1.68697092260292,1.18321092595058,3.07244049701089,6.23644816000886,-1.77682289860847,2.59462192836355
"FOXP2",-0.905940564012245,-1.39757587599628,0.633115061575514,0.188049077958319,-0.964531061899273,-1.66358505782151,0.0384745105210961,2.04736985673163,-0.257963883162605,0.149662495466497,0.408706056447452,0.13664829827481,1.37453365875083,-0.376810237540563
"GABPA",0.184936076254892,1.63640079608316,0.0172109745185385,1.30798914750762,2.28310867226957,-0.549502479685308,2.5855605281467,0.122981794498139,-0.614273973129993,1.33406667234812,-3.77875780626986,-3.27007647575926,-0.891908640660797,-0.449482418194687
"GATA1",-1.20191589567877,-1.25247957788948,0.457754391153709,-1.16504621215713,1.68216138530951,0.462142481082934,0.792699646326325,0.470102211576601,0.130195688264034,-0.232446502098937,-0.832735590411554,0.0232056193855768,1.17154206632464,-0.829615266827577
"GATA2",1.311695608225,1.06486583425417,-0.841290384544787,-0.41614885937558,-1.30007497915042,1.76006032674399,-0.201058572760649,-0.0973886628160207,1.42766057055245,0.545072064390186,-1.25315609776879,0.264867379179048,-1.63597084005256,-0.773112825181487
"GATA3",0.496955766829676,-0.234576573731894,2.41463064286607,3.31381524496825,2.89663291151629,0.656681086271244,1.98918748172915,-0.212393018190032,-0.467423576571999,-1.43685755327788,-1.75265128166004,-2.96929045857805,-1.21928649793456,-2.72744370889947
"GATA4",-0.339964902646438,-0.922144646284908,-0.681436414212165,-0.42597654171955,-0.732996995627913,-0.097524176366693,-0.0222427872985836,1.55341543233188,-0.948091561888192,-1.09792781698779,0.0931227596941901,-0.615989408119161,0.949798841243437,2.78922797837082
"GATA6",0.299159142056709,1.75338155283216,-1.13819099928829,0.024347101419416,1.94607049846947,2.10165926339289,0.299254774398523,-0.430549650733637,-0.693847621869619,-0.413952504505494,-2.56174691829669,-2.34710838465657,0.297584438066791,0.752383738176043
"GATAD1",-0.839150539480405,-0.412386084464534,0.138188263189696,0.208840004177182,1.2878361675838,0.745281872628951,2.1650970677178,-2.68392393964374,-0.933093339293671,-0.944933782933987,-0.44194354094256,0.25737641359344,1.36796683477953,1.45642011103533
"GFI1B",-2.36087831896127,0.456949634365247,-0.65617241690681,0.0229598797722896,0.887210101285639,1.99970899018396,0.276644857076318,0.613310892822803,1.13200816383685,0.975026859403962,0.0640725279613025,-2.63149178691898,0.506834287636671,-1.38160155922965
"GLI2",0.124758485857317,-2.01817769521139,0.653642790575964,-0.32818433956499,0.850916461047694,0.13256059207002,1.32280152461954,-2.34311191027952,-0.339781716546351,-1.12012175871724,1.99612221969339,0.297207991034412,0.702936307999393,1.38617660954673
"GRHL2",-0.421657347218652,2.34977817645912,-1.15871706571566,-0.995417245116626,1.25557127234464,2.48706918590623,-1.06185612146397,0.547215882854669,-0.478933780892745,0.0118048661325079,-1.15253998816711,-1.43310168253038,0.0380291732443318,-0.477694865394603
"HBP1",1.8875127551578,0.40451130246439,-1.08473566566176,-3.00839435996196,-3.43179401714192,-1.24940145203979,-0.983916150863798,1.36605809791278,0.5574125467344,0.965388467909563,1.41209566464862,1.59974377868253,0.639008983805409,-0.389627565088971
"HHEX",-0.225785607161454,0.367463062353697,-0.498819658165955,0.540179781130262,-0.162080284377394,-0.282437782407867,0.293267550477144,-0.343540336826224,-0.76246477156218,0.734492372598537,0.328849340476333,0.863291301380276,-0.689479796547498,-0.422960466539859
"HIF1A",-0.493471627818572,4.05647591936941,-1.74989675802503,0.278337442121093,-1.51801850930334,1.88116509642784,-2.98509349779504,1.11371828722832,1.97388850941066,4.01694954384264,-2.21923776924955,-1.33076927358493,-3.9131457410128,-0.62821660785525
"HINFP",0.895966649398113,1.39444317527568,-0.341362095305718,-1.17210830110257,-0.654607891753525,-1.78328831614321,0.769154262290595,1.88842671791828,1.21019540892689,1.82783363580168,-1.58865029697249,-1.71853833390579,-0.661634340605298,-0.786085074432009
"HMBOX1",-0.203589652751185,-1.7873009443061,-0.0357477981877357,-2.38111883963983,-1.6438856197865,-1.57221392940611,-1.73966819568962,0.0694407227116302,3.11793617447898,0.249262386956544,1.89447414364976,2.40189507064587,0.862783155802683,0.141476750001472
"HNF1A",0.603573414519717,-0.687690734469681,1.333696747827,2.47297153737006,0.384001001651586,-2.894488580571,-1.64614503470695,-1.2283312940969,2.37200064276008,2.28266182890754,0.1042916928209,-1.04547426572759,2.33936148025442,-2.79043598777335
"HNF1B",-1.16540292198539,-1.19650097486838,2.72490267598898,1.94624705370155,3.66480704746497,1.51405266511289,0.778275885477666,-2.49316330014711,-1.94347749705809,-0.508816945652263,-0.571592906221878,-0.218827625243803,-0.247741686715999,-1.09067946587303
"HNF4A",3.44488596198608,-0.263292134662949,0.563125800602758,1.4995147290389,0.943248980633275,0.162636482895537,-4.13978420052849,-2.69168069889288,0.551086752691746,1.05322184541986,0.0478298499647083,0.29025302947964,1.15955632452836,-1.55330905397241
"HNF4G",2.22643986635996,1.73348282486129,0.570806972760045,0.45993281785193,0.0403941713552635,0.588577499166545,-2.84159885125853,-1.73026326954201,-0.498822123069912,-0.647356291459683,-0.437735245791799,-0.119478594781028,-0.796511140503917,1.3966439200181
"HOXA9",0.632246966790422,0.157850700949523,0.354392920569719,1.12062128215014,2.56157972251903,0.625517869229011,0.936542959500779,-0.692889424091537,0.643342394465577,0.70953071130751,-2.89364705639246,-1.92098753700165,-0.772925745327897,-0.68363887921009
"HOXB13",-1.00676495356298,-0.193952056239282,3.27721247762606,2.86189841589773,3.89090374708671,0.665858539225812,1.80926876545872,-0.889392226725209,-0.642160021087768,-1.44713208949459,-2.17440807830848,-3.8958282470432,0.182958697981228,-1.86062643685832
"HSF1",-0.731061025358079,1.21356250597495,-2.27943067579451,-0.894404551985018,-1.90853068388979,0.559438173002335,-1.54228132319195,1.23993422254655,0.962576676601442,1.49593035121238,1.08790838943834,-0.918995042839802,-1.79819203040769,2.29291203561461
"IKZF1",2.64743806121142,2.42137676592888,-0.966074529958616,-0.268865775505826,0.433523448981744,1.33849696923121,1.76363703023937,0.768708386370034,-1.02455251201935,-0.194324879122603,-1.8145861812052,-2.83486808217201,-1.41706585894421,-1.61020632187516
"IRF1",0.823452620760946,1.30154874195473,-0.00115031966313169,-1.17924212334875,-0.420355687643266,0.0668806277885671,1.71218065594578,-0.927082857004005,-0.513044942301572,-0.0221802892472293,0.258135436652551,0.157706183274323,0.46424926646653,-1.7144561931436
"IRF2",0.458543122697085,3.05786231638344,-1.796595315963,0.398644856290221,-0.200711161636121,0.760368257240297,2.56906068304196,0.332747118281416,-0.815289067790956,0.751449275364105,-1.67590633607095,-0.369311340663747,-2.38687396214161,-1.85084019861469
"IRF3",2.73037273811357,2.58937465323966,-5.7110882327958,-6.83428655104787,-5.9337639064954,3.92077432473428,2.55394337613692,-3.87281035252418,2.39265580143117,0.767222432284583,2.49595129590423,4.5770052682246,-0.953674935124353,2.26362129271857
"IRF4",0.646221015046813,1.9052279473348,0.867718270266533,1.25012383176462,1.1206296702369,0.821177592125155,2.38634153404971,0.155640961423268,-1.20985614610016,-0.00996361125231425,-1.47141751335175,-3.24544769668831,-0.576355372426754,-2.0330149227706
"IRF9",0.195604549786837,1.6182024494621,0.00559772325531089,-1.20703219913746,-0.532997578102293,2.05831771755405,6.17523192554766,1.09907667107777,-1.85124681577274,-1.28702368813491,-2.18733618807506,-1.46004064781689,-1.36529254609806,-1.33153770370733
"JUN",1.68413565889966,3.84623753693422,-1.55009426559682,-0.845206749102048,-2.05435601841376,1.51914074888868,-2.29372354578738,1.3852391393708,2.13514826169667,3.76397172925904,-0.82015480738894,-3.91415890887205,-3.53313962835526,-0.19511502409331
"JUNB",-0.881428500851754,3.75614762756638,-2.13563297086498,0.779108898251069,-1.1326432506506,2.20682019169784,-0.471243997952887,1.98634635027059,-0.148367134439994,3.45924358143223,-3.64010438951741,-2.31542085264633,-3.68765809456914,0.413369140446289
"JUND",2.11967077304617,2.17224656244525,-1.19578132947341,-0.763236112678904,-2.21310194451698,-0.429347618722321,-1.74288376699459,0.470941134628567,0.943914022712928,1.41467763576308,-0.336475126901522,-0.643677987704323,-1.45874477329013,1.26114014799708
"KDM5B",0.491913978748524,2.18893868852216,-1.97915461343904,-0.850311864221424,-0.763945640966211,1.89280433329035,-1.43030747543279,2.02352439921683,-0.17461515437185,1.74414115926199,-0.852330291389069,-0.905179343468777,-2.3981644288125,-0.015352101712987
"KLF1",0.889680457752322,2.10715122739705,-4.54072304179481,-4.51949583212315,-2.65560316590065,1.73261531409918,-0.57641392286892,-0.332503176638478,3.45468717301212,2.76440325843545,-0.322726382956132,0.822675108238301,-1.09070957097695,1.44941178123457
"KLF13",-1.83761725182275,-2.74338759932079,3.14175473013872,2.08212585677548,3.4865555096862,-1.2084748133949,-0.6836605914905,-0.901711724320237,-2.95034569351823,-3.32383736572239,1.29387353257996,1.26041146164246,2.88553949149495,0.627848338245025
"KLF3",-0.818909268045394,-1.4399713870566,1.1365759516887,0.667672512197684,2.58763438216351,-2.0008670528992,0.635160245973155,1.36657248137506,0.252813573088763,0.0225505873744757,-1.24953059494802,-0.805235380070232,1.09967833611173,-1.95332847309968
"KLF4",-1.18542271159993,0.727777402805087,-1.70637211271937,-0.912149828797977,-0.471974641540729,0.29830104813657,-0.443099883062553,1.99605616139032,0.913131240797641,1.92030041084641,-1.10564779482105,-0.290228530180498,-1.86764089261121,0.775926242322117
"KLF5",1.21061599421997,5.58847196580516,-7.28945685708805,-5.39330414976993,-7.14534036680821,-0.204377491578797,-2.37483550581002,2.10992064291508,5.15206220798439,6.26323379351993,-0.363990838470979,0.101234713493834,-3.90960308526427,2.90065410937865
"KLF6",0.162180227143012,4.0581610589701,-3.54214138711179,-1.08525183459709,-3.02796500305807,2.09626644863944,-0.57304759602764,2.31441221511595,1.75222809443087,4.268446872601,-3.71323229235748,-2.60835048092252,-4.2254559060739,1.95915813691271
"KLF9",3.6530661860605,5.12088868514196,-4.0940589018867,-2.62644676078981,-5.15392938112325,2.56331760258903,-0.00801325023000943,-0.27973017852455,3.82262297541981,2.76208352824174,-1.91971972098924,-2.2518107356483,-3.32242106245314,1.41793114623431
"KMT2A",-2.64555451039848,-0.933607842543279,2.36171260198388,4.29103032897662,6.2710576463199,2.12071491252003,5.22370615806708,-2.59912020688602,-2.76783203956938,-2.52877190492257,-2.76313458064827,-3.98503063840874,1.25456078872366,-1.19247378250049
"LEF1",0.930424477190781,0.3880943479933,-0.0600403520759943,-1.59193914711044,0.586035242479975,-0.985263716358117,-0.207482717082187,-1.7952635371496,0.813259782717276,0.241298056671379,0.871953448392409,0.526882871945075,-0.182993123336659,0.198049360358973
"LHX2",0.514271892584311,-0.436312462758277,1.24245705147312,1.48007326956934,2.42066865298759,0.0117522386016785,2.05351133472206,-2.34617624455645,-0.439602499412431,-0.147241342541722,-0.631450785469826,-1.00952265642652,0.790646384649261,-2.04278084770551
"LYL1",4.24420433977842,2.8053798710993,-2.26175771680121,-3.10738438032016,-3.6427674067912,2.66424876518152,2.37006748090568,0.361557669992302,3.15822446844231,-0.218581558288393,-0.8587805889994,-3.04694845395343,0.0693704539367034,-1.62678430233523
"MAF",0.634178700218576,2.66201143304472,-1.46303420666499,-1.47662557605782,-1.54495899519957,0.703030554784422,-0.33946514711972,-0.167863516906148,1.83685296622277,2.46042000882099,-1.31916647762797,-2.17240979111048,0.71781580105103,-0.273127387575749
"MAFB",0.252666281564561,1.17048810761793,0.923648756690974,1.35799463681092,2.36852058643032,3.66883457297293,1.67913155907908,0.256510494213636,-0.218304968917172,-1.07558676853957,-3.82527324075671,-5.31935205769134,0.167284141001902,-0.498115923310319
"MAFF",-1.00835856844401,1.90373545706654,0.0246151088896833,2.64271643790415,0.474793551032586,0.390414903116951,0.650542701944316,0.588273935210235,0.359781611860518,1.57809793485393,-3.41058439401307,-3.11776664130354,0.181479326109464,-0.999375587388884
"MAFG",-0.0984594145425833,3.05026306057871,-0.47570734233131,1.49868803523002,-0.318189921909981,-0.571954885096509,1.29519800088937,0.485094634826324,-1.53797302298942,2.03357465811095,-1.34595710185918,-1.09992516551627,-1.63381240241967,-1.67161004210675
"MAFK",0.288108828730021,1.9398494399725,0.357187963490097,1.1264205138211,1.16454390640223,-0.143338787278658,0.862563324068845,0.900071458226838,0.73328586406984,1.04776234446749,-2.40916783241482,-4.38541816349923,1.01046284948521,-2.36711831288934
"MAX",2.46275530048794,3.26757608496572,-3.07830889847317,-1.76752425276343,-4.05315682359111,1.24008194943189,-1.40844022248056,-0.148258424073142,3.21823813593814,3.07804197366866,-0.451631660174183,-0.0341009964801584,-2.82972931794592,0.475037121382991
"MAZ",2.59720770656328,2.52950541048003,-8.58336757107948,-8.25574119568736,-5.88561755099657,2.39992343678344,0.916790393144261,-0.325499781723041,6.60988932494273,3.10226983549335,3.50906661817882,1.80935010950722,-3.50690355069498,2.02150291701242
"MBD1",-2.66356443642546,-2.18590637167249,5.54741751992596,5.14793191745144,5.37413282707594,-3.6777948806312,-3.47480158119723,0.140841571659006,-2.08853035942025,-1.45120390113722,0.603018612581378,-0.464583493014422,1.91110874020346,-2.51684687357994
"MEF2A",-0.0938161418314321,3.05148535220711,1.36272628154388,3.5354987305529,3.4916269841768,2.81921044371292,0.790520258680561,1.3504341379116,0.362752959781031,0.355742052070813,-6.45421024964417,-6.77606123867542,-2.81260885723375,-1.23187117965407
"MEF2B",-1.86480217014685,-0.645785499590558,-0.915306087983815,-0.651525114805173,0.716390962786607,3.08414759392983,0.874719277112628,-0.116237710810507,1.43469440388245,0.34000750921257,-2.75704963639061,-0.626973847553049,-1.81799600292429,3.09333007356865
"MEF2C",-0.29682179176766,0.305807004080541,1.17721841166202,1.6892692843713,2.35035781431039,2.83694814652217,0.492911951421393,-1.36994323309738,0.441359581907956,0.295588671558604,-2.09180176175963,-3.58314297858024,-0.212425013135293,-0.669404681444432
"MEIS1",1.11107160235574,1.58889476742529,1.92836058577665,2.34461154154721,2.16729394295068,1.47677663049023,1.18501322483535,0.100569290385358,-0.868930590692417,-0.35794835516954,-2.70395361208357,-3.66214435418454,-1.13514214404894,-2.40644542716478
"MEIS2",-2.52407771872079,-1.19196465627747,2.26284687889799,2.69922538453304,3.16576101659985,2.48043986349498,2.03975487687261,-1.8426186683776,-0.129915769465025,-0.438943915345853,-2.0953279040203,-1.87095868771516,0.297455732113051,-1.37026816062503
"MIER1",-1.60932318848681,1.08852628501956,-0.780499037352827,0.852654849759578,1.97516793691262,-0.566272807901858,1.44377209188111,2.0218008784709,-1.05242430258987,2.83473913445852,-2.95643163875868,-2.33872810363181,-1.965372656788,0.170601488452784
"MITF",-1.43242178060757,0.703349347477929,0.00754709232993203,-0.0478131625003738,0.190528155711048,-0.577074676232269,1.41970822103741,0.127527517244951,-0.133229660015265,1.00747232053468,0.336827719943422,-1.34884212054027,-0.148214525811079,-0.228782673693305
"MNT",-4.15420978318201,-5.87196328229317,6.21371407562804,3.45239820448207,5.8465624728578,-1.73570134437543,0.727207795627949,-4.08194735895158,-3.54560109025612,-3.84891554623266,3.3190583585349,2.04996356204406,6.10411366637532,-2.24038851672948
"MTA1",4.94402727032883,5.72864515321855,-8.01853925378771,-7.45283051776205,-8.55411271215215,0.986860516797123,1.61911598038143,-1.07843192774873,5.05829098983103,3.35002543459057,0.370651269668559,0.864800833461866,-3.00503088676021,4.01132354888566
"MTA2",3.49456882446133,5.30824814654583,-4.51129888216744,-2.74828525201628,-5.41918348927508,0.545548472637414,-1.15813322831498,3.21651657393981,2.54626397156438,4.10184634779054,-1.48578109840889,-1.25685775289323,-3.38648354789264,-1.45902147115566
"MTA3",2.43953927881262,2.28006729593651,-1.31242659308651,-1.25532338060883,-2.99199178898497,-1.52581864095024,-1.01301402374433,2.90045786572914,-0.0364620326861438,0.952969976437743,-2.56805219468822,-0.743181197168437,-0.870177613920322,1.49643655756855
"MXI1",0.133272428766908,-2.00601330420325,3.82310095776035,1.47798395587645,2.49017088406242,-1.55968813357328,0.24419931082762,-0.641549369666624,-2.54410070078319,-2.90489476223383,1.70458781878955,0.769546338983086,1.76575768046461,-2.21566991451957
"MYB",1.01987336205659,0.428758647069815,-1.17392659246637,0.404675058390448,-0.262453486809234,-0.819369473687788,-0.348696979701934,-0.114279952410439,0.961716156784075,0.100602194081591,0.00857490516616127,-0.376481116588648,-0.581740156839695,0.248737152762993
"MYBL2",0.00291621011919993,0.605617520030236,0.113063248418226,-0.789980973318185,0.671736480350636,0.216305445131266,0.159271892335693,1.91144020710162,0.294300229871588,0.969351848649253,-1.79078889687822,-2.03157404197109,-0.361318684571574,-0.247343193439291
"MYC",-2.66051121144198,0.645459219743275,-2.30160873246517,-1.39172472514221,-0.465827957092275,2.01952030491081,-4.27074504060398,-0.75138896649084,1.77625624908932,3.91892364661905,2.30584682805574,2.825105574777,-3.4675079004561,0.96155786182555
"MYCN",-1.77264581527586,-1.20869098805236,0.264464519327921,0.0652096909995158,1.035956641698,2.7482390243448,-0.987571109021246,-2.15777047039354,1.50969489097058,0.366767625210279,-0.128159634951073,-0.0406697859642573,1.91965454575502,-0.278848328087523
"MYOD1",2.5041056183756,2.9689864268122,-1.18130870809286,0.163194469653137,-0.0602425850590011,2.38701053123742,0.21417584064907,-0.103187480105653,0.513980323907032,0.538029470228285,-1.85108720144333,-2.52920924738018,-1.44245317840715,-1.92046284895289
"NANOG",0.303158011745591,0.300993744500247,2.45714227929649,3.14845676338486,2.30864386124746,1.13164122482873,1.66669842713303,-2.33102474990782,-0.754976876738741,-0.994870092467257,-2.23684222140426,-2.04145459867779,1.15811614374806,-1.96489530283113
"NCOA1",-2.74627634570816,-0.567180293325794,1.40465946255251,3.5299332479544,4.03167256456807,-0.562928333322119,3.00244058941479,0.456329226781717,-0.856480352356316,-0.00848743210758108,-3.05911587284852,-4.83587740895843,0.878335405208037,0.229561705684697
"NCOA2",-2.26986452934362,-1.03733946584093,2.16944890453694,3.35195448924807,2.959301558959,0.263053870989354,3.51426127664993,-0.298054935450622,-1.09430302035671,-0.874681854391331,-2.73580528574599,-4.27221267518418,0.6378498079909,0.804641737384529
"NCOA3",-0.378874314056735,1.31946767508103,1.77609256702057,5.19135979961366,2.32671668983931,-1.60290000387279,2.4883579328486,0.126600906938712,-1.86989371999838,0.434683639898757,-3.93466830817071,-4.9235051463964,-0.0454958717442993,-0.466409154384547
"NCOR1",-0.557122174177799,-0.606438663324798,1.06351601552825,0.568583519233247,-1.58253629749071,-0.769012238544484,-3.55752791821608,-2.04607590182883,1.1863567721048,0.507964196495997,1.28126618579351,3.40292693495686,0.882544537949405,0.849042004759908
"NCOR2",-2.85090483224801,-4.40781799516923,5.20386807279544,3.62951218717244,3.25910069134812,-2.07199409131533,-1.07052562248477,-0.43574179659443,-2.43143589162491,-1.15726455553779,1.31312935328238,2.04840730948134,1.5120687027051,-2.07216904898045
"NEUROD1",1.41895019243002,3.16266212134668,-3.49635142618457,-2.01241042693123,-3.41725746650749,0.623582575668538,0.00546462833290713,0.707744008613876,1.74848183801065,2.13809315266385,-1.33144580910097,-0.739027225191885,-1.1946899998843,1.63089996926312
"NFATC1",1.20454860494403,2.74452702922617,-1.31022353908209,0.861553600032049,-1.00183530324535,1.95505951703273,1.22568919114274,-1.16390925770389,0.350569442806418,1.64506891474546,-2.29057968426935,-2.47417973146575,-2.44685449866417,0.916822492778292
"NFE2",3.41016316019845,3.05938158991044,-2.72286935425938,-0.692926311727958,-1.58924371635969,0.838877956189025,-0.220901075873647,0.17280831358825,0.380685265247759,0.81481970985048,-1.32250516646631,-2.04204829176282,-1.34896358059301,0.542640513148025
"NFE2L1",0.141848451366965,-0.80555783087016,3.06744826190676,2.97657064051188,2.26689812130179,0.959880912522417,0.341041212245631,-1.52718751633276,-0.59583402429258,-0.410036247120295,-1.34280572852198,-2.43818979315138,1.14708243127861,-2.15826902964357
"NFE2L2",-0.217788036787539,1.75109365982514,-1.17706481779746,0.0606065701323131,-1.11548115427761,-0.473138607431204,-4.0624882109494,1.86475832036769,1.22245600251793,4.16891834525766,-1.92217109362396,-0.867377467645528,-1.15699355392274,0.863073589674207
"NFIC",-0.323977179764499,-0.259211792837117,-0.742029739161314,-0.685220130091939,-0.531079074343688,0.74152101884271,-1.49643068589,-1.49477216558404,2.04453055676907,0.511978516947607,0.591373628335569,0.70314637467251,-0.0417737505431208,1.84242646290255
"NFKB1",1.45857772858646,5.11922985875293,-2.67417381927474,-1.76657699879543,-2.89622098999493,0.547846121525037,-1.3480095152714,0.761548860947611,2.86481217077264,5.50065774920712,-4.42547219116882,-1.66417686712512,-3.30572276070403,0.162621063119558
"NFKB2",-1.492023193344,-3.64558066847253,0.648014056796883,-0.664248041959405,2.49578929654633,1.12553280338977,0.0533422905336827,-1.86300304186152,1.4943435477381,-2.05260850684298,2.47552814874051,0.85073229748035,2.85000087205404,-0.404006759080209
"NFYA",0.754670540090796,0.663908771586631,-0.413950117482729,0.227582627653616,-0.0127157030987206,1.94634976303495,-0.831093208507042,-0.457721981765309,0.453897282911845,0.403137495737914,-0.991617886596152,0.1444235293771,-1.86479079975509,-0.648394416148368
"NFYB",-1.16784732616602,0.621963267752523,0.423753596160078,0.75908116108916,0.743646182355077,2.56827370914172,0.49677520949684,-0.341257495498273,0.442936315906084,1.66393409833927,-2.25217269576174,-1.2463278222554,-1.80395000803555,-0.580667672042189
"NONO",1.58515366395395,3.06282257053481,-2.39270941644968,0.143317237297505,-2.55298607402411,4.3081747505865,-0.718160086979053,0.371857632899026,0.555823568925909,1.38402330215458,-2.02515494670931,-0.490823470174306,-3.16730526344332,0.0318146741761793
"NR1H2",-0.587152305395158,1.63209874195448,-2.56168316028152,0.088007493185308,-2.48316287490219,1.89826455399647,-0.679814621099459,1.14926127541105,0.410905619448734,1.68657616928181,-1.41307318448151,0.259800695638402,-2.36087986234419,1.97565030102959
"NR1H3",-0.0744157915362242,0.549270434817867,-1.54003116471502,0.0632370079708772,-0.984098762446277,-0.0607341695601189,-0.177200876523176,1.10725460880277,-0.00232768181062236,0.9492491732347,-1.67695100388654,-0.378080301570698,-0.251060598467662,1.71014318518339
"NR2C2",-1.18187093080034,-1.89893353621694,0.536429250664814,0.306116542376094,-0.335454677310454,-0.435020788048139,-0.212558549919165,-0.382145928069968,-0.309489178942028,-0.574788816359962,1.18841997102223,1.95677886188664,-0.0724977549674503,1.50720188315462
"NR2F1",3.30887429875445,2.88312946468938,-3.74053928160172,-5.11186686943991,-4.06573800001814,2.86244298226171,2.0962378160117,-3.4576159000618,4.2418704187554,0.832744885959153,-0.213600409400738,-1.3171152185203,0.451847995435541,2.67815917679896
"NR2F2",-0.0664740086617791,-0.50201111591584,1.26856144442071,1.7695142418941,-1.29565956033664,0.102431111805018,-0.607711577207012,-0.077981402920783,-0.687318139296172,0.111959186167818,0.78223967684628,-0.559786288869773,0.328204234204748,-0.651016807976343
"NR2F6",-1.82961635231916,-2.73746147007216,2.39817207761095,1.83836772205137,0.254768499572701,-0.657562178067265,1.7186271581766,0.253821217646926,-1.65943290140586,-1.19086323708577,1.72222574806421,0.573308525882107,0.587319327931294,-1.20240674110254
"NR3C1",0.539398721029812,-0.740846030758533,0.362204239464019,-1.02216843091554,0.517162390000265,0.667369973202364,-0.486340470222677,-0.23948739831373,-0.69914429105397,-1.47381494842779,0.919340539482132,0.433811606037824,-0.102423668935524,1.32383843658848
"NR4A1",-0.330744240997429,-0.152388092942096,0.845271633950208,1.95271227545988,2.10872581765791,2.74003097377274,-0.267043364624999,-0.170171901247102,0.141750594821593,0.965286458665535,-2.92707929858437,-1.90915876993248,-1.48926568671242,-0.565250045521488
"NR5A2",-0.113535562126851,1.67059940568714,-1.14335747695266,0.579331193891455,-0.706804461946615,0.477712977788267,-0.241062398622952,2.19733808562629,0.118290544561105,1.03162100802625,-2.1546240464624,-1.90677166891998,-0.839416515540839,0.421227602211366
"NRF1",0.0627942595079578,0.927292700550471,-5.27224166414439,-2.59430964124285,-3.4951230479449,2.47426529261758,0.530598702396896,-0.754689245125804,1.9721154257787,1.88758916882372,0.425551228368018,1.66951574622816,-1.43271992074132,2.79311451213922
"ONECUT1",0.562569699417496,-0.681247397875157,4.21416478631087,3.35490109878278,5.24003903205745,-0.606863698358947,1.47735972926602,-3.05156989546225,-2.5223752390942,-3.12232730120433,-1.48296604723072,-2.96823122389793,2.08529003589004,0.160447487475064
"OTX2",-0.518759312687744,0.32042151314108,1.57487467001604,2.15829668026064,3.17107420178111,1.80180333292308,2.13006348239244,-0.894527484042356,-0.178316053739575,-2.1370654762777,-1.85694379265531,-3.43897215291709,0.0247842376526772,-1.16952231718848
"PAX5",1.93759728546832,3.31676076623474,-3.07746229445643,-2.12355040721789,-3.64198724311392,1.44127738553968,1.08818565582325,0.585628954173846,0.0673019429058711,0.963036539623336,-0.743286047770303,-0.477530355262122,-1.10097776426606,1.15991364689055
"PAX6",0.940324804311193,1.38204133465551,0.0814581378262037,0.165281533926535,-0.791053411052115,0.609707780326793,-0.253304295132047,-0.265564724888547,1.01828192152432,-0.136603541484749,-0.258975892759619,-0.769349339439627,-1.11160885064538,-0.146998210652948
"PAX8",-0.206582492849057,-0.84135763560569,-0.468961337402462,0.239471350340536,0.285564557866016,0.862015419395394,0.635526476997864,0.0413451971043184,0.219149337141785,0.8427060544435,-1.03202237874753,-0.938082818446125,0.981873736268428,-0.434544420406665
"PBX2",-0.537468433699354,0.247069031323285,-0.552477380461852,0.72388555967885,1.123427227167,3.23908832090338,0.890632670826224,-1.35503636120337,-0.743902154666648,0.339860618042257,-0.350009193259252,-1.07755349552262,-0.189578690002205,-0.823753680217418
"PBX3",0.656459384916109,0.727347529451964,2.04073171476961,1.35312137237758,3.89998561146086,3.73883916565271,0.258399895938534,-2.66898058219741,-1.0352776578714,-1.05690564303178,-1.58279979277264,-3.38080598078058,-0.528041219919368,-1.35836493310536
"PDX1",0.476402937009532,0.978238711233113,1.12307939950242,1.22801753361908,2.80306002915862,-0.490136878266082,0.653885804184938,-0.446841275501256,-1.91363004294399,-0.335094368828091,-1.17812208529283,-2.49656326473965,0.705462161789532,-0.584353114050658
"PGR",2.10731286937328,0.607517044050514,-0.768988241691965,0.0273833757736322,-0.181640180185798,-0.089273175939322,0.452501696947463,-1.25194847089842,1.43622648409778,0.591966222853878,-0.496084378272612,0.031699952708446,-1.37729176722572,-0.864123559671964
"PKNOX1",0.22318631777246,2.16836503363307,0.784638317729537,1.40045447587268,0.580833588153553,1.8578071621682,-1.03399013118924,-1.82762789037064,-0.606995251620292,1.89945112844569,-1.44599194606417,-0.740707245687615,-1.86088394837317,-0.351737871310378
"POU2F1",1.18990098615026,2.07064957762168,-1.08781296606202,0.039884235849133,-0.631606040186949,-0.257647197318363,-0.678733567594753,0.276002572223124,1.87950134594066,1.89229361724477,-1.80817384182275,-0.979896642307201,-2.050652689888,-0.530481425339124
"POU2F2",1.01138758892865,3.81383336800307,-0.507766062895392,0.940548906693168,0.0837816104868434,1.74653902621526,3.61132998275201,1.49243973463237,-1.38494050921357,0.379011176737622,-3.61710523994935,-6.40408646181434,0.475741645511276,-1.73109480111575
"POU4F2",0.0953049937787873,-0.834057207440477,2.12645233498267,2.51746573865783,3.6257283575587,1.18356500018142,3.89406726604459,-0.924458650274879,-2.28426475764927,-3.51444939858736,-1.92817728047987,-3.0475170490195,1.43755510735872,-0.372182509171215
"POU5F1",-0.0798770266520231,0.961374658318056,2.27970094879664,2.54279455540247,3.09667255476531,2.63071540623839,1.92746794558043,-0.612943181369726,-1.86881650341047,-2.12788370418892,-2.06423070218209,-4.56315503665207,1.77167333124679,-1.99912117241723
"PPARA",-0.310715885393421,-0.114113930444814,-0.973401210765288,-0.536427413924185,1.50402186893905,1.93131763942455,-0.835515935912413,-1.07906684448748,0.777212908930794,0.323232363769617,-0.971189069808942,0.13050599967515,-0.912577278969022,1.47709514180273
"PPARG",0.453662355936033,0.811451219232867,-0.255224574832498,0.0382236246716027,1.00546069698444,1.13046931527541,-1.2795111420253,-1.22098719844634,-2.26577875898018,-0.0784695645966055,0.522444415690215,1.73560328136066,-0.919074159264296,0.132833166751475
"PRDM1",-0.0862368452173585,1.41766298564562,-0.087375146165348,-0.447528616401607,1.54404907665789,-1.11993114368601,0.421041249558852,1.45827703335102,0.930956091312196,1.18348175852636,-1.35472341896612,-1.76885159566466,-0.249761535715502,-3.06479080112047
"PRDM14",2.62889439237151,3.6911762826612,-4.13702679298507,-2.61938316729389,-4.1028854217194,6.03745816909988,0.140363477655897,-1.42000597231578,2.21320540303933,0.10204787237277,0.0823776784272444,-1.7352666703615,-2.35509813177222,1.86064151464428
"PROX1",0.954974688532314,0.894366277229079,0.992579966042651,0.802943996830941,0.982925798990248,1.07843186836054,0.826254212135102,-0.951883283115721,-1.11729133474916,-1.41864847897555,-0.609570861884273,-1.11096322670274,-0.354156212170194,-0.465029850899622
"RARA",0.217120427081231,1.28977220348568,-1.41259076284145,0.0287103873738102,-1.80484032036186,0.710577015137063,-1.62275275440832,0.763885680873516,-0.333077008279277,0.275966877856553,-0.709040727354611,0.0845522219269152,0.122232313113968,2.42061205221285
"RBPJ",-0.31699025338866,2.89118628363205,0.608018317029335,2.23680128194641,0.934335937361007,2.53585831297981,0.975225318656858,1.48102811123325,-0.244178208170912,0.964142528263185,-4.69906424159616,-4.59516665008488,-2.25104636187466,-0.94512233230573
"RCOR1",0.0671873456754158,-3.48931539240257,2.27545339561456,0.0341936455288902,-0.127210816536821,-1.20273091030117,-1.02478413883616,-2.62353529884032,2.07003757048378,-1.50880074928116,2.23448933283666,1.82647805191796,1.6892304906645,1.26528006358073
"REL",-0.271208558147528,1.8155412591207,-3.03702555224553,-0.820386655814717,-2.49491017081421,0.3661035055748,-1.60297120208758,0.600569996901319,2.81828283829181,4.81850394107231,-2.68720469450661,-0.212544650121297,-2.89541084214178,2.87394642163765
"RELA",1.58041903381994,4.76231306755422,-3.94516628512527,-1.35716110272511,-2.79262000765202,0.901952951584873,-0.987198875751759,0.88888540204176,1.68570161889022,4.33699286114304,-4.3789671335767,-0.794706488418756,-3.1206042893228,1.41706592168251
"RELB",0.798388610540504,1.34512463700257,0.470701335920506,0.389019833701494,-1.69566747988999,-0.957893842141506,0.488562907208761,0.0635269191889816,-0.621140091979381,1.19163435624662,0.0684841373084866,0.0495441494214637,-2.58369113015259,0.639362876903892
"RFX1",-0.654960394903335,-0.380100850028234,-1.21931397816684,-0.453122579049673,-1.0755286934984,2.08240168613913,1.24703918623475,-0.186431563091959,0.207824779367527,-0.474135043795168,0.948095937395279,0.894843696954737,-0.292962549350444,-0.000602396549640809
"RFX2",-1.38900935954391,-2.57265546405056,-0.23105436451187,-1.57496433812242,-0.539407658003432,2.13991174026481,1.66792657992787,-1.7252750028941,0.360787757914848,-0.207485773472276,2.66899125058604,1.31803629651691,1.56651166965798,-0.56850589625134
"RFX5",4.2059665998987,0.859523594476244,0.622964171261063,1.19736543974841,-1.6985972582547,2.54877269242957,3.06570306773209,0.0824037366701306,-0.560901745713741,-1.19107571730373,-1.56737300452224,-1.08533897793651,-1.49092139131784,-4.2142705535413
"RFXANK",4.21731806120046,0.681691072056142,0.77584410548357,1.06775083136881,-1.79516074142119,2.1189459208166,3.26249126021619,-0.193419063449308,-0.278224147459868,-1.1303279124298,-0.91283130096012,-1.32556517515543,-1.51597599010812,-3.88280701731626
"RFXAP",4.21731806120046,0.681691072056142,0.77584410548357,1.06775083136881,-1.79516074142119,2.1189459208166,3.26249126021619,-0.193419063449308,-0.278224147459868,-1.1303279124298,-0.91283130096012,-1.32556517515543,-1.51597599010812,-3.88280701731626
"RUNX1",1.9996730379318,1.84577754511048,-1.38394400384065,-1.37172621179892,-1.2572844329428,-0.455991071975339,0.704327585839562,2.8039601570053,-0.273427838410509,-0.297278980042841,0.236591155217503,-1.62092782507782,-0.672484644623355,-1.03420598139011
"RUNX2",-0.315846877482269,1.03600513553766,2.40950873141141,1.8876738243089,2.64695224562483,1.84994087487599,0.844113543163724,0.226753237718623,0.370556122538935,-0.366516689816564,-2.4531585682475,-5.08552486219851,-0.960773077227609,-1.61775405229648
"RUNX3",0.473558359879717,0.570567562394322,0.518723933461795,1.00426634169934,0.0789180951732924,-1.43825438121317,1.03450338060094,0.302976874670697,-0.432439947828144,-0.00325466543527382,0.394963837369471,-1.06939550300903,-0.0544131010885431,-1.00265400665518
"RXRA",0.917723649232364,0.132780313853405,-0.9633424981076,-0.505300689586865,-0.338040658689064,-0.658182383975518,-0.362028156983519,-1.73652758039365,0.514675968040995,-0.037893966014563,1.02812702741857,1.97942466706109,0.266974795207466,-0.176625361744991
"SIX2",-1.28156821745905,0.56242089105011,2.66859605226403,2.48506695252429,2.65517919453631,2.96269420634215,0.378969156074418,0.236839272396263,-2.27524185614007,-2.87432437632802,0.110774862031366,-3.26452765099597,-0.520583178566486,-0.732945264221678
"SIX5",0.96289886058891,0.935368876394603,-4.15809586008135,-3.71267191591913,-3.76831023821374,2.08356324359908,1.4646469750428,-4.98534347330847,3.68235954098269,-0.560577815242428,2.30218107921446,4.15642263352613,0.0626007734132259,3.3887740769503
"SMAD1",-0.227754291728645,1.07394156043438,0.689983701394556,0.910789620947301,1.19382970063574,2.15598516548489,0.169492168701713,-0.463371531246995,-1.35460619212718,-1.13002039693925,-1.40005982994217,-0.00833525141819936,-1.39539893203038,-0.761500530530595
"SMAD2",-1.3332208046737,-0.599991599067466,1.43329080884251,2.33913833173451,2.56705835352081,2.11905994253431,0.913740872378614,-1.68640892024334,1.25317096596751,0.792668102876781,-2.74275952318996,-2.43137170394913,0.677222336743275,-1.70422258886628
"SMAD3",1.91286875881782,2.72611124384743,-1.72206662844116,-1.27752935326035,-3.1053032913786,2.13321306210162,-0.355402920751963,-0.103374520304777,2.73809083052485,3.19481000580342,-2.03960146255659,-1.40147358625116,-3.62228409803437,0.431455672895753
"SMAD4",2.08578615110765,4.00759565373622,-2.41295001930348,-0.26040122895588,-3.17877592085994,0.899967586119706,-1.90567279221854,0.637239616106554,1.90502023487008,2.69752106768932,-3.18328430125698,-1.2016896143155,-3.01581649422971,1.44892697246835
"SMAD5",-1.27521845320895,-0.52480740091544,-1.72298665759265,1.31723559693563,0.81425775742138,0.529943030697046,2.83298370635096,0.227901397259531,0.365290771113894,0.40047629549851,-2.1741974834297,-0.500013679186385,-1.05801996588879,0.698939027772261
"SMARCC2",1.3101767948905,2.0948458187389,-1.98516494603595,-1.80750678450981,-2.43442420414197,0.680323912076829,0.812965415162674,1.28818626195615,0.147916693360783,1.32742352590001,0.00480108175215921,-2.45710598983763,-0.27510912113204,0.739267750936324
"SNAI2",-3.7695967768771,-4.68335036519463,3.76304131684225,3.09060909772437,5.26811270912473,-0.00517074519612293,-0.587867572639375,-0.883678253559623,-2.15052557377802,-2.38113300862532,-0.00329529337062639,1.05512944510642,2.40617617075514,0.0883679503744705
"SNAPC4",2.16250294528418,0.894471801647179,-4.89210356910846,-5.46056838229496,-4.98473054117419,2.58703446511221,3.14468715860249,-2.42880093743178,1.52800867842481,1.19274392638749,1.72781275529868,2.04831961615726,-0.334905162360886,2.36956745886255
"SOX10",-1.74590327209356,0.274858522795155,0.277697828791685,1.25449356496367,0.873208282654192,1.5795944657718,2.22601654041901,0.0111085251732196,-0.884864510156076,-0.0754003082987177,-1.78815689759575,-1.28399508339653,-0.698976396349678,0.0846593215921478
"SOX11",-2.06356240070229,-0.632766745622156,2.87390902533313,1.90836828036646,2.02109974593032,1.73653328586192,3.83512781420946,-0.718120356586212,-1.25132466536178,-1.40803963892886,0.0149663473683604,-3.62086940040927,1.02614054802202,-2.04476206107214
"SOX13",1.32756849156661,1.34838281831208,-0.439760046960005,0.372591241988086,-0.847947859553378,3.04486324063304,-0.212948906446926,-1.27434763975027,-0.0545883775353999,0.14840068301031,-1.30015376288448,-1.127200350107,-0.903909861282469,0.498057712639068
"SOX2",-2.4339934766534,-1.15783619456179,6.74275614271513,7.2433713627161,9.69696352811172,3.11493285246749,4.14306761929641,-3.95247325294089,-4.30528665457603,-4.21559054244137,-3.91406145385105,-7.92842500838424,2.39753847920615,-1.61155741602675
"SOX6",-1.0123999317714,-0.0415640246445941,0.211615844250533,0.261599509173987,1.71035436936818,2.78486572456705,0.0209534852588425,-0.0151968900255118,0.429741562636695,-0.611942046533504,-0.850476607182193,-2.11845704224424,0.906243582293702,-1.02031733614843
"SP1",1.98097618611313,4.77346596886712,-2.28292903122827,-0.909059112401801,-2.89989849552028,0.993392457602539,-3.84593236145339,-0.552987465766887,5.64041023302107,5.35456484578898,-1.33062835984767,-2.330574883812,-4.99114227109241,-0.947222680025327
"SP2",-0.822141736229307,-1.52439103265825,-0.179036996949915,0.820001950584241,-0.126258988753061,3.14483256812183,1.93210107949205,-1.56760320818278,-1.19497494175216,-0.978455255111963,0.595785294832735,0.504471174883948,0.439698865449231,0.953521874282078
"SP3",1.63722646040915,1.65760210044351,0.820312177148012,0.111766717412655,0.0430652406302958,0.969243084493252,-0.62250397192346,-1.75339758868106,2.24594346868067,1.28218454448062,-1.28939789097576,-2.65685294207122,-1.25801208825089,-0.896518469474129
"SP4",0.420296542762284,0.491686558295597,-1.67408674109282,-0.0367472642749733,0.109073884487347,3.03866645484095,2.21178303444151,-2.38831936655352,1.86287471787171,1.47864259953714,-0.931465312285296,-1.76857883124836,-1.33760114569806,0.23196034544677
"SPI1",2.32840131109969,2.78352463097098,-1.60244907562744,-0.105984668009386,-1.03371952269601,1.75474703163787,2.79217662859553,2.0561622174625,1.23475920195047,1.52974386952217,-3.10235446119243,-5.97710839890249,-1.75594560863154,-1.69223781190195
"SPIB",-0.67968835887193,0.954948501782018,0.346028037487391,0.0157059855965124,0.593387647003584,0.563905044103155,0.872998636137627,0.424285866238742,-1.55501199864924,-2.15997544611426,-0.567029270232141,-1.10016972009052,1.38097113272768,0.894901021780919
"SREBF1",-0.510023242328861,0.968762652232322,-2.32576845881275,-2.13960165344397,-2.47643371465225,-1.57579672975594,-0.331863691225816,2.73843881348184,2.18865988129489,3.5324348846231,-1.2049817919317,-1.1599574510308,-0.404095331504689,1.75044681356839
"SREBF2",-0.563416155887192,0.883655979261911,-2.85873971669886,-2.44685290368113,-2.4277780781474,-0.686875155824398,-0.704397879762887,2.42799834555346,2.90204810149931,3.95950433348782,-1.11047626291036,0.465120003907799,-1.37298095907336,0.0226330323617607
"SRF",-1.68440144392361,0.840422116940146,-1.36630170307893,-1.06967965461707,-0.598477262347684,1.68280540835934,-0.686326824558036,-0.287158520936763,0.794819076857384,1.74240496707094,0.409139358653668,-0.194957408094785,-1.34645919777925,0.750663487806229
"SSRP1",-0.632082151177907,0.906012193206641,-1.10287207914221,-1.2063527600293,-1.47584919187822,1.49080749534416,-4.86005076049582,0.999661412975597,1.69906664134707,3.93547116338912,1.32920367107038,2.0278304240671,-3.6719049698699,-1.07071740040574
"STAT1",1.23137391813797,2.33730431074596,-0.726077010204465,-0.449503274756503,0.0770421285347959,0.297986758224525,5.90747987140798,2.20496664841971,-2.32225036809741,-0.967262368991802,-2.08939364289619,-3.41935122662845,-0.218393090710572,-1.83058180051765
"STAT2",1.62952848397934,2.19994729393347,-0.419900554364086,-1.28418753062544,-1.72827476916486,1.42543404616255,8.98114818973849,0.437522903936395,-0.827601763326183,-0.542661740904878,-1.86241287024747,-2.4013324702615,-1.80975090917428,-3.10250388808996
"STAT3",0.664819097884652,4.18475394420074,-3.01835244380873,-0.151332608795148,-2.116038026966,0.732020990667477,-0.722610324702462,0.288131450245611,1.41718723666342,4.69869449704587,-2.31119388641696,-0.0573739489548698,-5.00812075479576,0.270825090723836
"STAT4",-0.0646665744306368,0.910927576097464,-0.721172010615199,-0.243035604995081,-0.391257321628128,0.83478911969001,-1.79413110650823,-0.170482972531122,0.942737119450636,2.64719556160668,-0.744767214661364,0.299239443419481,-1.77271532627931,0.0883147812505528
"STAT5A",0.984977247388639,2.51742436041162,-0.00196282030784937,0.661894582254917,-0.545359278975839,-0.727821076383459,-0.168445851572771,-0.274816561346459,0.648723668298497,2.03411882583188,-0.41079459813998,-0.848474311775555,-3.22276830136601,-0.913271097808478
"STAT5B",-0.253524011440929,1.63619624777083,0.827711188922312,0.929722941809485,-0.320555783940173,-0.324722050246549,-0.858228619586636,0.0842913253447806,0.583041726296065,1.67755770981254,0.0853517260426504,-0.294359150761653,-3.28748534179155,-1.14387667924044
"STAT6",-1.3676336473882,1.35031065289384,-0.895321878875528,0.891290706169531,-0.439679511242291,1.40214024057433,-1.38680491406715,1.45084017996404,-0.772162262547343,4.36630738989725,-1.58724901173989,-0.0834161141706741,-2.8217166275912,-0.871306199385022
"T",-1.46654327167401,-0.663401779007274,1.18120242208592,2.3018213851488,2.20909288155097,2.00691146928113,0.00636286991204802,-1.02163547341294,-0.0217241971982634,-0.933128679324362,-1.36005245501584,-1.45443488284021,0.634469116513929,-0.401237716016157
"TAF1",0.881166928947119,1.46375577127428,-1.86266895018553,2.23485022669274,0.704328616248771,1.63845966363441,1.88730597599493,2.31875663909771,0.990145973882052,1.28547711830596,-4.36235186109078,-4.47830269632167,-2.0460642673457,-0.931281333618453
"TAL1",0.177414929003461,2.09003147376877,0.578589005784361,1.78261015784642,1.13759793971669,1.42093558393705,0.448913111989731,0.970614616676507,-1.19820256927881,-0.542455946784081,-2.75985978390053,-2.77370077210782,-1.07678675026661,-0.69463975961563
"TBP",1.35144711181035,2.81364158111595,-1.52137329845803,0.0534594714177862,-1.57915207668405,1.65996405324041,-0.587097889675295,0.853358556009934,1.73227621697525,2.50659246725635,-2.76222168546494,-2.3295169515583,-3.07635387993495,0.455068970820695
"TBX21",3.23888040616639,3.22842807983401,-0.334745138125645,0.350531307341254,0.577377317248202,1.70470043909654,2.95702605668764,0.376533063931526,-1.38589620092949,-1.30413548808398,-2.96788936132962,-4.17424011741158,-0.439452329072347,-0.960956374758709
"TCF12",0.144993173081299,2.12707047306438,-0.148327478745302,2.35120564468204,3.78287545699715,3.54902366039196,1.66666419513203,0.836219772303893,-0.84780695882734,-0.385990284256156,-2.60248072611608,-4.50668391570051,-1.40110027672046,-4.23668548159678
"TCF25",-0.267253905071742,-0.288226203970755,2.79025660316102,3.6529192930277,3.74904105620546,-3.97419426232381,2.32924600877846,1.71586669578142,-1.87496173167415,-2.36940735198587,-1.75828008961424,-4.31549523814806,2.88463354960358,-2.08808646756541
"TCF3",2.43577040257728,2.35215588620817,-3.56836859947551,-3.22260729600223,-3.03179545619684,0.438807815192717,0.318837729798762,0.793526234990997,1.59885239952044,0.137036829506007,1.11087174968889,-0.417976562744371,-1.03184311806448,1.12553691824919
"TCF4",-1.81767680359386,0.550253116229221,1.6726572243771,1.95798103207433,3.08426858922719,1.12695269979511,0.315663476130089,0.987098663077661,-0.101538042335297,0.0140210067098171,-2.24250680152243,-3.12309307166473,-0.531145780227519,-1.77968024808784
"TCF7",-0.271842144681243,0.914411778906741,0.287627745917966,0.738452235637571,2.72820689982115,-0.396838595547915,2.48230089316369,-0.70161734503618,-0.0149663573155294,0.959606949997526,-0.639778902934388,-2.9071355547052,-0.759293510101012,-2.33855589393018
"TCF7L2",1.49918369294951,1.69159972955758,-0.0917277605794158,-0.610177792137131,0.837948105845671,-1.35765219416928,-0.114577622389178,0.574105226006334,-0.504403503419573,1.55239221051853,-0.220298937446798,-1.75377675056295,-0.997735407245498,-1.47702705056398
"TEAD1",-0.158070906942747,1.12435747878486,4.29728421942074,3.62044008814996,6.46679231495175,2.59795688000999,1.77491004596059,1.93788369179194,-0.699924574841133,-1.10030636385761,-6.30904461451275,-9.02067304471761,-0.165202843881034,-3.27568530973273
"TEAD2",2.50031131933678,2.58448838457017,-2.13814556764118,-3.04092146237334,-1.95701412815532,0.9203628360936,-2.04018533458707,0.207043033785315,3.55960269384233,3.41346027458193,-0.68976035996611,-1.11118949022913,-2.92521060837039,-0.397231572459708
"TEAD4",0.528826480786238,3.47312901283863,0.404745536403184,0.461306276315403,1.36204156285749,2.60383625232559,-0.615891494999768,1.17570216617814,0.361163947993056,1.72213381909258,-3.54799188784987,-4.60766295114573,-0.60884121538257,-2.80492613637215
"TFAP2A",-0.91870510767045,1.68285928911503,-0.217505365941994,-0.571498623346122,-0.21173473237172,1.65005450655519,0.031031085179366,0.617141814676276,1.51605528410651,2.01397046470854,-0.883845405356611,-2.22403029981386,-2.14820152397007,-0.663119169405156
"TFAP2C",1.02569807206175,0.510074442806269,1.17799209816253,0.708726692564011,0.6296537955205,0.840813185073451,-0.440817990478639,-1.96140340073327,0.0623541634636032,-0.683918485760311,0.271872412474606,-0.294501932530512,-0.926554550170477,-0.246113823659173
"TFAP4",2.82409766824216,3.57231950266462,-2.23889356820788,-1.48049797873546,-2.67849975709722,2.79987912890889,-0.442870712077559,-0.360029042861077,1.84468752395204,1.00097360069765,-1.62884824439791,-1.62227188619079,-1.91228592022646,0.73227395395798
"TFDP1",-0.294316086994348,-2.53100927870884,0.957886603081289,-0.386988814404142,1.46777746049761,1.25063743889496,-1.83903370208805,-1.30556489075727,1.30660828363558,-0.137698625323396,2.17760280618692,0.346498421460642,-0.432588188664973,0.0277534943585918
"TGIF2",-1.53587105460283,-1.51471455072436,0.385200986147482,1.5301934140517,2.30912662377129,-1.49069934822301,-0.255425377143017,0.819233887901601,-0.36953887530565,-0.403611139888892,-0.0685531351016599,-1.07877027975339,1.07765658643875,0.261738613473944
"THAP1",3.86307562585695,5.35310419437377,-6.95560112725033,-6.89449890456341,-6.40798951888345,1.49443663589209,0.317352218968222,0.456263058481675,4.51586756100214,4.28188525726677,-0.329390465755425,-0.456690266860961,-2.8686341392582,2.28645502885748
"THAP11",1.49922307664797,3.29224050035317,0.655680965043245,0.716480670616189,-1.11960120671792,-0.554794751735942,-0.441693386896087,1.69413585917487,-2.1391248115919,-1.46037962081864,-1.10768520561702,-2.65895535196152,0.010309397213781,0.878239693794838
"TP53",-1.84925373142441,1.35856969475627,-0.837415881937533,-0.388903823147661,-0.535436276599272,2.39307672238873,-1.71447862777267,-1.34045251106915,1.57224074246213,2.39520613391374,-1.09091894741784,0.849892561973206,-2.0833123406694,0.921741576459903
"TP63",1.76962018392203,-0.125177462739872,0.568956555619204,0.469667736395939,0.701321478678781,-0.430774052129933,-0.0584672353070134,-1.33221330732941,0.971097062660585,0.280430299707613,-0.980481146007089,-1.23028978852618,1.23966666367402,-1.01756451159014
"TP73",1.54158576131897,1.66585064766611,-0.500476452189767,-0.0184687736620861,0.59675614101555,0.798504846264683,1.06564083630395,-0.293227837149987,0.154923916271021,-1.05654042759672,-1.49155345720487,-1.52412944851612,-0.849583054185143,0.459904248983405
"TWIST1",0.287495009136273,0.673457896954818,-2.11581824561122,-1.77940940940832,-1.38880034065541,0.634730406512682,-0.125213680207591,-0.625578532065797,0.66088151110384,0.648442555325464,-1.0226990936123,1.01071588846242,-0.796216068526484,3.37076983796905
"UBTF",1.85324989309583,0.634282800386402,-3.44495363035615,-2.52391934901544,-2.67374501610237,1.86014379472324,0.393072038588861,-0.331618380642345,2.34567679696394,0.113191881908829,1.15088760583519,0.753780463154598,-1.97994998123842,1.62873823043105
"USF1",2.91267512352437,1.7243189648628,-1.59249183302266,-1.2307637139453,-0.308103153024741,-0.382972387692658,-0.660439102353859,-0.0828182620818033,0.966021910595158,-0.304230283150075,1.26866104236124,-0.18174029422976,-1.48853668808564,-0.774576005547393
"USF2",0.863779163293729,1.08832616120264,-1.21983266369138,-0.84770718366328,-0.192201850585205,0.634138776237106,-0.547888997640201,0.25634266477457,0.780755614573218,0.0302558056751747,0.783213333781572,-1.5115762481846,-0.0257470160507341,-0.26467963203263
"VDR",0.149546707807445,0.679370435051678,-0.241848746344246,0.330170427727682,-0.867552903052585,0.319255786610122,-0.332229444276859,-0.444371304026972,1.76277058328838,1.36488701628563,-1.32277306565574,-0.329077840125053,-0.866217268561716,-0.826765675610315
"WT1",0.0388116619255072,0.406639538934448,-0.400737987612543,-0.376330694683996,0.530603805072354,0.817294435530762,-0.349142460789811,0.956429566949153,0.95278199929771,1.63182495834848,-2.75704632391936,-0.821151547133331,-0.804769581427058,-0.607883184299262
"XBP1",0.686721252080469,0.407515312141083,-0.120071474720217,0.371896339004828,0.599636154792561,0.981757657009703,-0.188720828214447,-1.04494595614857,0.694833456291378,-0.202408755982439,-1.19671590137205,-1.40319349014556,-0.0410086113327506,1.19958083266276
"YY1",-1.84944928098062,-1.51796931367993,-0.0328901412986964,0.525633390076572,1.146367050484,0.296445173353902,0.538868430504351,1.31549607457924,-0.533171319765947,-0.862932553418514,0.493567561475763,-0.714853562460293,0.782745979665784,0.319386516565016
"ZBED1",0.00106290727746616,2.48964303894822,-1.87858391229803,0.0230791077666571,-2.20584451267464,1.23130116724283,-0.818534402519291,0.0582512784515511,0.343587589366639,1.13763726928939,-0.556894023924332,-0.21802487670469,-1.05914629327145,1.21423522576749
"ZBTB11",-0.744332407150428,1.16900262274604,-1.11457825412656,2.81111353589787,3.13249449534174,-2.21761938876405,2.22689798712639,1.21419622945016,0.673266726501526,0.455454731720186,-4.53229416956912,-2.4516516789848,-1.77245632203067,0.515965250893691
"ZBTB33",-0.469818711882335,-0.155399846790227,1.36486190984425,2.67346795684734,2.43091995780561,-1.35299846844163,-0.0319805379179176,0.0328113994825,-1.21879239263863,-1.03482827160832,-1.58674220590112,-0.548545821596258,0.605983142504314,-0.043684329116862
"ZBTB7A",-4.23873032183914,-6.16621423444685,8.10144654052608,6.47790396900817,8.81985472047358,-0.783171190658852,1.20140474844239,-0.27475888511899,-6.83838800904776,-4.30679454736221,0.112696930252618,-0.137130607788907,3.33828315086661,-3.7846335671419
"ZEB1",-1.23635406669444,-0.911343909485878,0.997166767139812,2.57240917796894,1.77148250857377,-0.701633393755162,0.434743149299881,-0.632424526513628,-0.922246757508296,-1.15459670650152,-1.11542973088993,0.483061326105635,1.45920570592772,-0.228964784697999
"ZEB2",1.54283480124941,-0.482674397767158,-2.91816410396417,-2.49452847433895,-3.38481273931975,-1.28450603679824,-0.925767853003085,0.0265803478014275,0.95383942244021,-0.448207977250556,1.44879351062797,4.1613287376658,0.362328271133216,3.26371979201024
"ZFX",2.00908711063056,0.817670505479691,-1.56111745221857,-0.283040952594392,0.455613636468411,0.501298197984056,2.59056022588874,1.88590574556534,0.274642296298844,0.148765868671651,-1.43241129665546,-2.09343218044294,-1.28376620785834,-2.36190150485007
"ZKSCAN1",0.335955918007757,2.46970679895308,-4.55651073041203,-2.44317823829287,-2.40792960456813,1.83170790979962,-1.51532733737484,1.45186390002628,2.90474892791677,2.97857701024623,-0.911360997320825,0.529767067492403,-1.65103470622423,-0.559786604364024
"ZNF143",-1.69551604599428,0.445781785254934,-1.8874519308687,-0.671743766041208,0.346669087405145,1.86502524234451,0.401558326835271,0.243811267340842,1.825528854275,0.997233066332715,-0.34850459667144,-1.28575417133009,0.425530176159287,-0.937636040864048
"ZNF217",-1.05919969345821,1.19035300583466,0.203801361758717,1.61406498013286,1.42618856040767,-0.363771313489195,0.216962589744773,1.50174299572109,-0.402770448333545,0.173474914883836,-1.79022382797323,-1.88832748303148,-0.208220306479807,-1.20270731743163
"ZNF24",-0.0147881000303743,-1.48112434059609,1.78343244763812,-0.235938295904641,-0.396995059155308,-1.47607666958367,-1.36181020903521,-0.856730426852648,-0.0637322950959933,-0.43691129184866,1.56537280277324,1.84255108484477,1.89545539661721,-0.25881681009468
"ZNF263",-6.13401536440473,-6.82822459695375,8.61211993874919,8.23061143268158,8.67705097075218,-6.56965766099211,-0.40028249625004,2.77639433774886,-6.19389072182624,-2.65534723320102,-1.33634783945778,1.97935523759423,2.44713774501087,-3.0235951824191
"ZNF274",-0.364768550164042,-1.35026899226313,1.38877165316759,-0.0314521545060063,1.61070213323103,1.20592207814114,-1.82637970325799,-1.74927114721556,0.452768721376465,0.535943104236265,2.03713434889271,0.922416905745957,0.202582103197161,-1.85455223515697
"ZNF384",0.197267767719014,0.283661244344591,-2.94817914984511,-0.883828070162746,0.676651949229533,3.00023248436552,1.87729754081936,1.66656853038125,0.507818837940961,1.77852639496763,-0.825390399361873,-2.70698747288227,-0.914415857920419,-2.27770609573639
"ZNF592",2.68269010810606,2.50765611101359,-1.31920903952814,0.0648299654999508,-2.25510976119005,1.55044796723965,1.05682643233913,1.40012252342515,0.044353513563808,-0.733324129439285,-0.656789276082022,-1.86129665227789,-1.00049524273621,-0.987530263692392
"ZNF639",1.2844636907037,0.539510618819922,-0.4338582727247,-1.88974110705464,-5.34507525989122,1.53510821888421,-1.2824852296094,-1.71249492378748,0.0764248479423429,-0.907002568810748,4.17872694327602,3.4380762589679,0.570459717744092,0.975910275323463
"ZNF740",1.57578078177055,1.1457611450935,-3.56033843120391,-0.505029026399509,-2.84023641281216,2.41606259649141,0.721978274949286,-0.240450095912796,2.12720622876302,0.635896933664891,0.731062250343961,-0.351569256802598,-1.58452004907171,0.543575935500229
