"tfs","IN_BT_H","IN_AT_H","IN_BT_I","IN_AT_I","IN_BT_J","IN_AT_J","IN_BT_K","IN_AT_K","IN_BT_L","IN_AT_L"
"AHR",-3.93974116066328,0.367282204866071,-2.0356601363278,0.764421656990413,3.09289940126437,3.82596033556698,-0.998383432086334,-0.976935043428832,-4.61690024664502,2.69477834699899
"AR",-0.698667138309906,3.29472530692058,-0.365344862519035,1.76396072825953,0.341863747394233,2.26164226233919,-2.16817497009296,-0.126296067948826,-3.69859705523119,-1.07411983757984
"ARID1A",0.230082071182003,2.49505172529589,-1.51630993419448,1.44244933336706,0.25559609144525,0.316712256637743,-1.03713160772263,-1.85834228518094,-1.89455487335948,1.37895171193478
"ARID1B",0.379529349067648,3.51991393256499,-3.51465095046029,-1.95997755178946,-0.983529384956813,0.169788048634181,-0.443151233621012,-0.654452120478106,-1.00741489509643,4.77751876020897
"ARID2",0.607223124983337,4.18453424216327,-3.89112791368607,-0.521410178834018,0.544619259296159,1.6771615676568,-2.37792454458417,-2.6542818350855,-1.0756426192008,3.09436808844977
"ARID3A",-3.30009520307429,2.13502342433225,-2.32979636314902,2.45929012840495,2.45283537903896,1.82659046145544,-2.61651852595229,-1.56165065590227,-1.13145257128987,1.37601617656158
"ARNT",2.16927743888155,4.04761947069704,-2.21819327936898,-0.491860459996324,-2.19181011154352,0.57703499099608,-0.153656042311181,-0.448857406476576,-4.46176530576688,3.34460942030604
"ARNTL",-1.72502071352957,2.52505807625662,-0.539815741401527,3.06650681495672,-2.33484929013528,-0.28533092033968,-1.89331377848928,0.99304295101038,-0.490815837517138,1.41583590059308
"ASCL1",-0.227844520381529,1.23401801243478,-1.04098539663515,0.931284577545652,2.08036145223357,0.608177292806614,-0.965103050732508,-2.38253982126998,-1.6252500809903,1.57640462714118
"ATF1",-1.07627044983505,0.895801155499039,-1.06237726766294,0.256889835646513,0.807006126839249,1.98209784902072,-1.64580184913682,-1.34890475506045,-0.948161465935263,1.50896394479732
"ATF2",-0.756717995136761,3.49721185286813,-0.39417699733036,2.49950592844296,-1.56440794967801,-0.453428514712195,0.00612599810668269,0.135317120546834,-3.21915171775625,0.125042781161863
"ATF3",5.48596607964892,-2.11818010478551,3.78377797489881,-1.40855760425826,-3.98904810074233,-3.24344151691392,2.75516608459471,-1.52900046874909,2.24374115733445,-1.22837500038359
"ATF4",-1.93949781249772,2.63173640586492,0.166245492475041,1.39590760845643,-0.14266854147398,1.21456910268336,-1.54548071310466,0.287395562718564,-3.09684311264363,0.594088339131415
"ATF6",-2.46285564392424,5.20138485158006,-2.48620493243924,0.675893715577145,-0.812499977234568,1.65443251756691,-2.38892084847549,0.0927598107791023,-0.48064677560843,0.821820838756567
"ATF7",0.967381238351408,3.23334834307256,-0.817675211348043,-0.553413845458504,-1.83622948887811,-1.85075817887488,0.939415657761432,0.510850716424348,-1.46463535674115,2.35393059684929
"BACH1",-2.3325204773262,0.712222012750914,-1.70228044944546,0.193081199298741,2.11527614712762,1.2626221406167,-1.72960611536026,0.362078098993538,-0.655401199496437,1.2309205288119
"BACH2",-3.36735977639848,2.39558199391612,-2.73150150650968,0.0124351111101633,1.69980515010885,3.09533165101298,-2.50782396740612,1.65036773089595,-2.52609633337463,1.63166746813433
"BATF",-3.57195779814341,-0.607633166656783,-1.05220937257051,1.47639957747221,2.72341588652748,2.08937590252057,-1.05254498048806,-1.37504266831607,-1.50590145430772,1.68189001939954
"BCL11A",0.377038070935494,3.43549265234596,0.731844017884682,1.38361820370371,0.0779913317628912,0.6372372260681,-0.589374132415762,-1.88058922113164,-3.55434116208513,-1.1779166843907
"BCL3",-7.7957229906907,0.814732515767526,-3.9415404983015,3.33433329073306,5.83719235899922,6.40988559672169,-5.53613819405722,-0.08066528542614,-2.02795008815319,0.967349251751529
"BCL6",1.12254595712386,-2.0219075173118,1.02633137661792,-2.25113401453324,-1.80552533064081,-2.770637145019,2.98828199869099,2.34995526769187,3.00936533432511,-0.775805214336829
"BHLHE22",1.1804141758289,-0.00226949875804172,0.978772572038172,0.418439874877624,-1.41763709978549,-0.561598660693228,-0.365446312174261,1.33738975086477,0.961135337769435,-1.72350693046271
"BHLHE40",3.92044262428075,-2.93765601518547,3.1518345393324,-2.95418664773226,-3.6455496736797,-3.08482823409371,3.50327900230431,-0.347481775120353,3.97047595590299,-0.452936527999079
"CDX2",0.728831230832118,0.659151547157104,-2.83770929084276,-1.19962691327693,1.43366224127656,0.599591794023583,-0.298034558300103,-0.216823497797938,0.113890957392655,0.628060063424391
"CEBPA",-2.38784039752622,0.902763712037703,-1.77235720310952,1.83638212493006,2.54374470805044,1.83047573178683,-1.74290336979566,-1.8896352736345,-1.90741629375705,0.991144058976467
"CEBPB",-3.05350841547577,1.84149412799802,-1.98741634440413,1.01810734470631,2.76399023003527,2.60136307865517,-1.65221277010031,-1.47507209293372,-2.67847290690888,1.6449237278463
"CEBPD",-1.46335796208658,0.879660490500638,-1.03540403949848,1.71584596468394,0.498939923396259,0.449564500872177,-0.357607395480734,0.632631315921724,-0.911089325732698,-0.0696654010858657
"CEBPG",-0.416083085522224,2.86620956402689,-1.04962454171235,0.951088085249278,-0.186078736987363,1.87250412280826,-2.10032948432013,-2.13880386339346,-2.22818095822652,1.18199445658785
"CLOCK",-1.54198742097407,2.14275584154721,-0.294039390923953,3.67966194421259,0.456392628751636,0.121835582352106,-1.96461402063094,-0.84190512957988,-2.17702337715575,0.261522685938333
"CREB1",-0.369163935805779,2.69691948803297,-0.963436576936537,0.775380713489273,-1.21318277649595,0.0572888835547613,-0.149108204401856,0.817138598960103,-2.22789645883845,0.834223953888987
"CREB3",-2.36423083022418,-1.98455624624251,-0.391259498589108,0.58655705577514,2.12364243030742,3.21013595789025,-0.377062783972374,0.868381501809145,-0.988961643413513,-1.2029909635049
"CREB3L1",-1.01018323477764,0.653834015212217,-0.560209927312598,0.502295329177085,1.72508718820427,1.0191916427276,0.307214062526874,-0.127419017036181,-2.157277813275,-0.995125588336457
"CREM",-2.90767805286054,1.81055473071556,-1.58210220041241,2.5358478562608,2.51046406220425,2.64693302083445,-2.0602793433097,0.283559124522137,-3.44485098279276,-0.38637382187815
"CTCF",1.11748984094829,-0.238416263270631,0.199539361520393,0.28898265879106,-0.860288469671183,-0.936171488679083,0.5323639088711,-1.57817728346389,0.00501959709948394,1.64970980005496
"CTCFL",-1.4899958693069,-0.885746344367396,-0.720204226238161,3.66787571266422,3.60845139716273,-0.0833435512689412,0.846236276013884,-2.57395843483189,-1.07443550988972,-0.860928962746734
"CUX1",-2.55302530493067,1.92646583655369,-0.471178197686293,2.73123267870386,1.9463116689239,1.61977942690258,-2.22937157280268,-0.931039288069062,-1.9503733128001,-0.960627159081975
"DNMT3B",-1.36394293244797,-0.629893463188724,0.0208435964277362,-0.255689375935756,-0.599611830066582,-2.22576816208098,2.04409947010798,0.483780296129539,2.94736829947707,0.631141629616583
"DUX4",1.12368525002574,3.58743210100623,-0.722522564835973,-0.400153220687459,-2.03424392257428,-0.614952525871407,0.147849141894453,0.567076258343845,-2.31752124875485,1.12432898411684
"E2F1",0.261509426625791,1.66416947565292,-2.71785157652237,0.979291890784222,-0.0528952521739195,-0.297274068442427,-0.040941625933753,-1.60489849547555,-0.935869740175294,2.84878514861992
"E2F2",0.754741209913419,0.152538671178272,1.10686620857239,0.700423915363091,-1.22658647823286,-1.2669749376875,1.20960229902478,-1.22610855718614,0.315330437088701,-0.0422045676547637
"E2F3",0.364190751336517,0.843807591025541,0.785569278756612,0.794782831094053,-1.26845345522075,-0.323158782827445,0.259948395838044,-0.982095830432144,-0.322310228951871,0.267803880699478
"E2F4",-1.25818510753146,1.07019394802532,-0.747191851425955,0.806303800215372,-0.711956622599065,2.18741990566364,0.415790557568355,1.63186016597394,-2.77188808725774,-1.03544116635464
"E2F5",-0.767320871293776,0.840078887877168,-0.801223233115653,1.43283849413482,0.715793115276613,3.31023138068988,-2.41594356364712,-1.73973240298391,-1.91890005121329,0.448925269549799
"E2F6",2.04846861761473,-1.27141720924456,1.83070771362621,-1.5195408043046,-4.21688701479896,-1.71586314206696,1.90150483076163,0.959755398878881,2.29089499193039,0.0152510002526493
"E2F7",-2.51931124947241,0.801045609329267,-1.39423197464643,1.70161152698269,0.373245941043593,0.414150406924652,0.389200154025212,1.29699104193456,-2.22487520753545,0.585422561191606
"EBF1",-2.37807004525352,1.11327986875096,-0.703110557271003,2.34527915225373,2.75585520195104,1.54591523954054,-1.64728319811054,-1.75903017538019,-3.73265312788802,1.66377438890643
"EGR1",-4.33693519278836,1.99618617556943,-3.19608404604085,1.45199449923582,3.74256555767141,3.23545943121833,-2.44326469206833,-0.661366892726369,-2.65345895432871,1.13112826695476
"EHF",0.608036954268613,0.989439006190217,-1.3375256118105,-0.553059952920302,2.01222720265328,1.34185424266116,-0.410206636801091,-2.90405562639606,-0.50779413673202,-0.248912590902203
"ELF1",-1.95083307670836,1.79186525827808,-3.09458370863742,2.17429394059747,3.19294457970224,3.33927270064095,-1.22463650331376,-2.4748759554856,-3.20192751843996,0.190312087631778
"ELF3",-0.672719110140199,0.813194040398571,-2.50699911247689,-0.794241898770476,1.74666296216658,2.28858715945681,0.799438749533713,0.135221378952153,-2.29065396965494,-0.0591519010989497
"ELF5",1.40394128962913,0.309675761720837,0.414277348332137,-0.214981622679277,-1.50810802842221,-0.0763475039093236,0.815359189005243,-0.618406107370101,-0.31254582478211,-0.204919945908085
"ELK1",-2.90249019216432,2.17170912344038,0.344699148231629,1.58095250369513,-0.953441960795623,-0.951671058031475,0.841790087644121,0.672183395518657,-2.21882562774066,0.897725115253075
"ELK4",-3.25038375857782,1.27563893717389,-1.51305406582011,1.87464594578178,2.49129998948286,2.30860395239889,-1.80731039071621,-1.3358216570743,-1.86482769034824,0.696407173832796
"EOMES",0.581679459593118,1.28296328261534,-0.836672676167211,-1.27689004892148,-1.28493637368323,-1.48393442092155,1.08839474640831,1.1373484844092,-0.586174533276332,2.44818395099619
"EPAS1",-2.0987231996282,1.18682996535217,-1.02858884243439,1.07546868917388,1.60012532441889,1.95252015238972,-1.76042681164152,1.22349556667706,-3.01177849032385,0.445774460429764
"ERG",-0.140042797799851,-0.267960556518033,-0.0801582266113731,0.443776723041106,0.742584676504328,0.539893007904106,0.513512125052101,0.0907548533417864,-1.97798374545903,-0.298913378801374
"ESR1",-0.566513463064533,3.24686360514904,-2.33418861117615,3.28377442928034,2.71044968646886,2.15874874628222,-1.79916319712508,-1.98110900206486,-4.89380944607435,-1.2728877950056
"ESR2",-1.35418873804368,0.974253111255309,-0.102058847927292,1.48840759947064,0.0644856904186597,0.646526841241529,1.39952370547513,0.54986840940824,-1.59240785539472,-1.88829689650661
"ESRRA",-0.885005579340833,2.45039529531398,1.16173382305436,1.66346289290011,1.28025892387982,0.608767828757441,-0.159410663494336,0.331102111948657,-4.25833382989811,-2.46749888388251
"ETS1",-4.51248076580106,-0.0775489347980233,-1.77453987698423,-0.246215511545791,2.963060422302,3.12930775443862,1.89736397339902,-0.435498557993202,-3.28547849768294,0.863018955617723
"ETS2",-4.54448995022473,0.626847533750444,-1.50751100177559,0.267255046033339,1.3496425964739,2.62550473708952,-0.969918064020419,0.2296994331359,-2.01274123493132,2.48280750334556
"ETV1",0.0182245710329695,1.57615083420214,-0.212862509646817,0.056858257584705,-0.71313203078841,-0.187976240076671,-0.102022607926681,-0.0469579948464273,-1.68351054456783,1.58269978799781
"ETV4",-0.310559071313947,0.433904370661793,-0.719082303743751,-0.158546068443746,0.901990256426698,0.720424894832266,0.826446956364846,-0.843994088309787,-1.3496702221292,0.4521978767102
"FLI1",-0.92071424131236,2.49590046635851,-1.06134807556113,-1.08073044721173,-0.4838232677455,0.0300974841158563,-0.764300301759484,-0.0837829972872816,-0.716002249413747,2.69416648048472
"FOS",-2.38527472039112,1.30755119800983,-0.976890715259699,-0.578854185690432,1.51731721547091,1.42105074452075,0.229407350726603,0.30515243542287,-0.943914931924254,0.00107664457827744
"FOSL1",-0.770955365392072,-0.179767146058662,-0.00538231117441131,0.763280536864622,0.49228421631709,1.05016940967771,-0.715415161542941,-0.527556847154006,-0.200024948869685,-0.400334709409032
"FOSL2",-1.01063917585179,0.952176453763358,-0.407781345620548,0.0624198168934357,-0.0316035170243469,1.82583013655557,-1.07118302990917,-0.211901582248774,-0.404373958595627,-0.182814230665647
"FOXA1",-0.260012491828252,0.268852331602582,-1.26246244754682,0.092254692939472,-0.566322785069915,-0.626845341597483,1.25418971989513,0.963065122462788,-0.328966937531842,1.07143858123927
"FOXA2",0.528311153468976,1.76851664682789,0.197642207632851,-0.670470390534315,0.51034463072741,0.999501686857142,-0.660925848730172,-0.560495736078589,-1.888711609736,-1.02426493886461
"FOXJ2",0.782261907620982,1.43715444506725,-3.11592050249693,-0.67237532658225,-1.60035195116767,-0.0267470721283968,-0.960704145533274,0.210343275028243,0.685260019765332,3.58712079771764
"FOXK2",-3.03695767964294,3.88186022010193,-2.34044026619131,2.26049292637735,2.39604103659682,2.66806695274113,-3.68886346321984,-1.77499498162633,-1.76038562469439,1.29701418442013
"FOXL2",-4.63182194760043,1.70411050223165,-2.06365909975941,1.68893569271205,0.558373709146612,2.10925708849409,-0.463371948559504,0.939168427807985,-1.857367030791,1.69580612000694
"FOXM1",-1.36460286563824,0.809427922704377,-0.842859759324939,-0.433520601943549,1.24034014995028,1.21205687571457,1.21331901305761,-2.13170539326794,-1.71657525534433,0.920809762906213
"FOXO1",0.307523160274056,-0.1604793781501,-1.44942104284314,-0.12064582437136,-0.229850903376735,0.208163409276028,-0.162099071364566,-0.513300678006175,0.148597762228073,1.72878116356819
"FOXO3",0.916995098120525,1.80461711658571,-1.84539946742881,0.441190269278172,-0.647747770691727,0.733737798032915,-0.519637002506956,-0.693306033385473,-1.63953502715263,1.37856190693199
"FOXO4",-0.265103107061235,0.942404230677661,-1.55741309875456,0.748085540660401,0.389868375817364,1.6435331505043,-1.45572033037479,0.767969571453517,-1.18924016474631,0.137031786548248
"FOXP1",-1.87069383837531,-4.61817340355979,3.01827214742775,-0.319800589476377,1.6532120504135,-0.506297383272649,-0.79512669464092,2.53736711695943,4.95233796026578,-3.69715509555514
"FOXP2",1.41523077312636,-0.697804021487436,1.82366739951483,0.17608950819715,-0.0364805614680871,-0.0610876788751846,-0.512715015388106,-1.35776732702134,1.09569391606926,-2.39935565838408
"GABPA",-0.222485842587841,2.33510570400421,-3.56879374097232,-1.20361949152469,1.1721914498777,1.92144031597018,-0.354223336634514,-1.95154278659714,-1.19431201938448,2.3708945409531
"GATA1",0.532146414696435,-0.438288164435212,-0.156984554967584,-1.7808961735061,-1.38982487001232,-1.2768876016233,3.18204001457329,0.879749311707943,1.15972359745236,0.104743402742301
"GATA2",-0.0863926407208671,1.64401463802096,0.614404178924478,1.25794945742775,-1.29750875248827,0.015504331871473,-0.838945293438991,-0.406772779137095,-1.91470956750889,0.779525676545868
"GATA3",2.68670031102277,2.75173206064012,-0.727895015709331,-0.20508797962606,-0.028153971648684,-0.0274247734395253,0.471215249824632,-2.67370253881958,-3.5373168467392,0.884120989662154
"GATA4",-3.3464462250154,-0.835968396049552,-0.752806025145988,1.41413583993003,2.11232895999004,1.052979110782,-1.51312991449319,-0.0288422410085957,0.362406668278813,1.03432102014631
"GATA6",-0.762695333992267,1.91705559757871,-1.70536091822578,0.330320095903517,-0.343385684684601,0.954831120653432,-0.505029279762092,0.482382701940689,-2.51321500292479,1.80670047238449
"GATAD1",1.05529831179899,1.91062378593119,0.842254189236232,-1.38497082319551,-2.53005376994787,-1.78920111193217,0.223064254255834,-0.432073221776608,1.23972623395157,1.2455112300532
"GFI1B",0.769366415824989,2.28292870662547,-0.415166348875422,0.828688814255692,1.10972450692103,1.53641870200252,-0.00541918363219452,-0.606409087021764,-4.764596464874,-1.24399884670536
"GLI2",2.07578296239861,0.472530928143124,1.38081797427115,1.24106304790026,-2.27854832274278,-1.72044878852476,0.681853796314421,-1.34082923541171,0.571602105099191,-0.266115632148286
"GRHL2",-0.190615714646061,2.7720427526021,-2.60829384217493,-0.459054894219747,3.9765307269306,2.52909840733588,-1.12979722976236,-1.05066469884149,-4.74007357987308,-1.01175468582574
"HBP1",-1.43291034558049,-2.83803153893281,3.12225942905618,0.24319992742419,1.27225434033117,-0.57736828089899,0.423719188305789,0.294822816539636,0.446180221469311,-1.39232988609594
"HHEX",0.473938800865947,0.140896394607841,-0.745574751745688,-1.43812837509261,0.407122551395633,1.1431859342959,-0.690951749508627,0.445782557091795,0.989950305213219,-1.37290776377967
"HIF1A",-3.50426787651617,0.446237493106419,-2.4235308284506,2.85560176629187,2.86027323898895,4.1528652621299,-2.57104718573748,-1.11600746871028,-2.5647347109848,0.975983315125994
"HINFP",-0.646271311323378,-0.191068038249104,-0.679069568205894,-0.395271532826589,1.64151642933423,1.13430853560967,0.771374638928659,-0.840607578090213,-1.43897637899227,0.382688859743552
"HMBOX1",-0.242392014317318,-4.407623910408,0.41905554816456,-0.0954321415987334,0.952243274745413,-0.998250777524676,1.97752732381024,1.6660369688687,2.61479010248322,-1.6935640235623
"HNF1A",2.36254905807759,-0.133479769356676,-3.75684395692722,-3.35368766029733,0.817826746719562,1.37350430640992,1.13542007614466,2.75167195456446,-1.15274570955263,-0.498070313616122
"HNF1B",0.809771700799324,0.831485801506734,-1.96055994731546,-1.17596467437089,1.09326544254936,1.15251407236665,0.586802394626023,0.441513369817007,-1.80153388732068,-0.213713461138226
"HNF4A",-1.60411452645479,-1.6648997736784,-1.38050463347935,-1.84362243776122,-0.212538530490891,0.938949839015496,0.312493582748686,2.94084643584345,1.10958037596294,1.93611890040354
"HNF4G",-0.667047727378274,0.146832942937825,-1.71751753787891,0.440728490428861,1.62186187479815,0.453511888100364,-1.47030584505994,-1.25239888885743,0.550540981972232,2.24985698768507
"HOXA9",0.987052784816441,1.54159697749,-0.178588390979257,0.64808868485725,-0.873813056387857,-0.508882022869443,-0.641900021290677,-1.80350393416692,-0.584851569800925,1.71498260418701
"HOXB13",1.06138423042202,1.04292101031869,-1.98718118729958,-0.744271826552835,-1.44375367992623,0.20910305824615,0.818310762380745,-0.435606056173339,-1.04550941034256,2.79963109066029
"HSF1",-1.4322043105656,1.71213071528081,-2.44510759718037,1.12048791815911,1.05465263493662,1.79792991267703,-2.0303633891726,0.725985049493217,-0.392863445037679,-0.114790908449814
"IKZF1",-2.11304050384298,1.20168430816456,-0.800802062243724,0.296867514807028,2.52888350309792,1.60221360087055,0.400046544568798,-2.21375462207846,-2.00704195811531,0.353658972845686
"IRF1",-1.92240344597687,-1.0980916575728,-1.35973489017654,-2.55963874495343,-0.40749804725366,0.427495954096459,3.51918495240828,1.48656313607029,1.15091744265042,1.63387605985642
"IRF2",-1.34285428603179,3.47545529205001,-2.11299009540311,-0.505409181532428,-0.967978695435685,1.71863432813346,-1.10349554241078,-1.59795295867929,-1.78906306228289,3.93219481991795
"IRF3",-1.93789361988548,0.227435003694446,2.97468826912318,3.50577246322199,-0.942236141784934,-3.95609747639774,1.1948931935184,1.41361124955819,2.39416791959221,-3.22480505025947
"IRF4",-0.958042955448865,2.30931051441825,-0.593545179836765,0.246353246884636,-0.897879012371051,0.692500766162748,-0.641189042418881,-2.46161783456158,-1.10880332648636,2.96947551131183
"IRF9",-2.15430123618794,0.201497393433066,-0.524643386317932,-1.09724802796347,-1.27471550783269,1.04126993537973,-0.254205192546232,-0.530692286195732,1.04488006822059,3.44213450254554
"JUN",-2.43520415228361,1.8851942075767,-1.54373719245305,1.40831859720667,2.36371637839179,2.65664054922873,-1.46886973332707,-1.02797028002872,-2.73875677373542,-0.231048887913869
"JUNB",-3.00444419762014,3.3966520471348,-2.11413184156961,2.62927388735857,3.98877332974415,2.94315243717642,-2.12086745720699,-1.86916755867638,-4.87973978688446,-0.660588968307551
"JUND",-1.81187210324369,0.597974306993379,-0.644430931966373,1.23406818074624,0.194640455300269,0.637445655241639,-1.81496036677241,-0.0938308699524251,1.28857664538748,0.246095402011986
"KDM5B",-2.31299722029623,1.62582799126267,-1.53612223666204,1.54444954391335,2.42578146702655,2.32022873871794,-2.49393398705026,-1.56788432808962,-1.92356977845169,0.773972955040342
"KLF1",-1.10300455496519,0.218292051312869,0.255804568836936,2.35204414008871,2.07478681804976,0.487826752503702,-0.848080887539505,-1.53220985549383,-1.44668296279105,-0.549467221185066
"KLF13",1.48000674824496,-1.58877862703521,0.797338872453922,-2.79048519391745,-2.24110258411584,-0.883734333272132,2.16700677265536,0.555297601374054,1.65533791148822,0.802175170788936
"KLF3",0.743507896828178,0.396961104071519,-2.11590043436445,-1.9303411793958,0.506821111282555,0.896008993245222,-0.00920269946799985,-1.00896948335791,0.310790385205045,1.8390125603449
"KLF4",-1.19362609441007,0.887583298362473,-0.710989334224658,1.88868753279809,0.785075647501295,1.53834552150169,-1.57663046307975,-1.10063812199644,-1.12281028325784,0.0559834889218202
"KLF5",-2.23471269142957,1.99746222390705,-4.18777066002856,4.9440963981802,6.56761236452594,3.24539016866837,-3.70696170001102,-1.90007040695216,-2.12223062936448,-3.03823676656049
"KLF6",-3.63317480540827,2.73185883346121,-2.25896222411238,3.817666920884,3.47759343017405,2.84280140422123,-3.80497177529596,-0.698297892749729,-4.3126935015788,0.0563071985171435
"KLF9",-1.12279462538383,2.32740363178733,-1.93796297838133,3.31970179841695,4.50563124878279,0.831515525995565,-2.91719624302114,-3.61710303015977,-2.00450046176781,0.137191199212384
"KMT2A",3.22618682731625,4.77238380377303,-4.1749771606298,-2.08177755965206,-1.77025700073871,-0.402162314705555,0.32091429771699,-3.27224297344868,-1.10028797972711,4.1919193813682
"LEF1",-0.0463065002912406,-1.371143765396,-1.01548183636032,0.256440759090733,1.24890485452012,1.08564959149717,0.252672886299519,0.520929072271895,-1.38117484940183,-0.129249751929629
"LHX2",1.93693043822352,1.55395803353386,-1.34141999255277,-0.965029079345142,-0.862127112755427,0.541575993579508,0.450606824521455,-0.946593334691393,-1.26607684103459,0.51994372526377
"LYL1",-4.15066831879051,-1.78816009857192,-1.13035197782372,1.94277240872819,2.93191655921562,-1.29348120460298,3.66698151374252,0.36041617140311,-0.283601878414647,0.509664707286836
"MAF",-1.06120150405244,0.990062411555449,-0.34515106134209,0.429660487686056,1.38704023036417,1.35757394068861,-0.371447543142236,-0.578967534656687,-1.90490976741747,-0.4795932642043
"MAFB",-0.515595343481701,3.23687656433231,-1.15398000221764,2.29166222733443,-1.43764065659885,0.797836650282924,-1.73716644156228,-1.79665627364125,-3.60977317765082,3.7018787365966
"MAFF",-1.63990515022925,3.46215681167426,-0.810132025651398,2.59505769417065,-0.112584163208182,2.00059041856232,-2.30396806806762,-1.16090290012485,-4.27606521130621,1.30100323321437
"MAFG",-1.35883297572548,1.97397137309271,-1.950173639009,0.676269444606696,1.87668477867175,2.90497969952355,-1.47849615410207,-0.436562367946136,-3.62501589414089,0.683382068623033
"MAFK",-0.839063047882123,3.12434197297485,-1.87686410547975,0.431819314865117,1.59497434314328,1.244647214336,-1.54637647266463,-1.7115208505938,-3.74174432616871,2.68831147831279
"MAX",-2.82895352035531,1.41649721699495,-1.33829848526792,2.54277454746848,4.15798432994918,2.41281595858105,-2.82253872776276,-2.20944042726181,-2.58226613805002,0.298743095953283
"MAZ",-4.25227113343711,-2.66662641413821,-2.69182475852019,3.09199191065994,5.7040379153873,-0.894232764781656,2.39006461262026,0.521271765415613,1.46186298640768,-1.43330498844663
"MBD1",2.96577878951683,-0.357118299850688,-2.38240064994224,-3.97253358275283,-1.84145331876285,1.16386472193439,2.83662811237883,1.65927189682159,-0.77224394563331,0.466395979163827
"MEF2A",-1.75994076042434,4.20348282433471,-4.53198119209411,1.93291198308013,1.78341790153918,4.11921021615341,-3.33074906192694,-2.67287061207444,-5.18837628413643,4.16552874399988
"MEF2B",-2.53317015096988,0.733437642542268,0.283849911376203,1.60246251607164,0.718532278984854,0.551748593252295,-0.964292821571564,1.11648379387702,-3.32908672552923,0.983579642237378
"MEF2C",-1.74796493246316,1.75100804722258,-1.22992936799921,0.478152149496663,-1.05147364010662,-0.0726881811474362,0.461961315390388,1.19203466383519,-2.20184633262354,2.19692836990844
"MEIS1",-0.871179189963194,2.66683224757055,-2.59848147763945,-1.10316777135915,1.89430498966449,2.77024275682904,-1.1659613390409,0.53575781172425,-3.94961106447186,0.485603031533531
"MEIS2",-0.0864349439046247,2.28409911258406,-1.98652137912189,0.132972350545086,-1.17099426138183,0.466464202832779,0.454416902111045,-0.612561036980684,-2.6536045391071,2.89867295771926
"MIER1",-0.611587860978271,3.82692922443923,-1.72179602966886,0.115832471188622,0.469776450772217,2.52385503050155,-0.94086927311292,-2.4618029681972,-1.8956032867628,0.313604787416603
"MITF",0.151871758983653,0.979781806002984,1.27892969068733,1.61997447227135,-0.197015779796728,0.433627121532914,-1.01351282815342,-0.291817655420788,-2.02977766280574,-1.12710690203971
"MNT",5.38294251495748,-0.990562889848356,3.20508253367264,-4.48592633752074,-7.92364384127724,-4.55835995507797,4.8265276511029,2.29432996454001,3.50120743830883,0.301372375040715
"MTA1",-4.75677472882027,-1.82791217348705,-0.771911345504104,6.19879377194984,5.79218184647457,-0.841183689453222,-0.820251014599181,-0.6383936253357,0.501031795286639,-1.36879863284409
"MTA2",-3.44122955768143,2.45639521270918,-2.41982459822461,0.787900435574421,5.9467369539846,4.2906482360885,-3.43661014403212,-1.87416460370023,-3.14262348600875,-0.63155497089458
"MTA3",-1.96892305845969,-2.19065413382355,0.0598308538027905,1.57139679395782,2.45890825034056,1.22677360928843,-0.926658511417129,-1.67056247594193,1.06438580769161,-0.52789890995666
"MXI1",1.718802452227,-1.99636205386263,2.05019322137093,-2.47965053968367,-1.91183641081738,-1.27067173519944,1.87800674423518,0.703653221147299,1.85686327397482,-0.681178961024429
"MYB",-0.667599583829023,0.0241788941153143,-0.279584114811434,-0.325047567364842,0.559282584343271,-0.322080100253657,-0.560394134715248,-0.871713802913344,0.258397579969026,1.88146848405595
"MYBL2",-0.424598804314383,1.93709773685042,-1.25373661755334,-0.203258364139999,1.13680511880997,1.02424270753163,-0.633205398456495,-0.359651165173231,-2.11270176307681,0.641517560334779
"MYC",-4.31402716824029,0.102914520862295,1.25809468930468,0.406655186627812,-0.144184789857652,3.5613965131147,-0.379340394789447,2.77194480217867,-1.41355753819691,-2.46280083928047
"MYCN",1.29627667047463,0.800251111792092,1.67790195205236,0.138618726575388,-2.61371805336445,-0.936892762975148,1.78225517287426,0.197255097094365,-1.54685061640183,-0.550125943794518
"MYOD1",-0.894494169696654,1.70620533067279,-1.1057303289733,1.8075247531137,1.47817550627357,1.46264373473008,-1.85615401061808,-1.76007433896816,-2.89669414452962,1.52202238352361
"NANOG",0.500798365608844,2.59517110592703,-0.953540317509624,0.458435175808756,-1.96986042032356,-0.402600810701722,0.144100879662817,-0.248974224584704,-1.50915792811338,1.80392635454443
"NCOA1",1.42165910054689,2.92833028579816,-3.88536626209438,-1.26788676815103,1.43680365933201,1.65745092586459,-0.880385077618684,-3.25241711322738,-1.88141017330911,2.80236214555337
"NCOA2",1.24043823669031,4.2354954315287,-2.95609428377138,-0.274301506171502,-0.472049442765682,-0.0725624906540018,-1.08794351589186,-2.36601724488286,-1.98233661312826,3.78223855967498
"NCOA3",2.01748372185712,3.627706274904,-4.33810774521331,0.482599186976609,1.08782622736544,0.92303957819723,-1.47152299866436,-4.30827056542457,-2.59075789364978,3.702123137445
"NCOR1",1.00603252805227,-2.50459652827054,2.95186353747195,-0.27067886399945,-2.03391902457262,-1.16541249910572,2.03882143631978,2.52207671732536,1.07374242424351,-3.59571044928799
"NCOR2",3.16056727986467,0.254200653058482,2.98902194856469,-1.5446257902113,-5.9260170671885,-2.29473112416814,0.475796609962888,1.07349663736182,1.320724180979,1.3322801111118
"NEUROD1",-1.19037404491803,0.115006683837653,0.466685000585414,3.09621534413788,3.78925045730947,0.815212366005137,-1.70631332491292,-2.72794318500725,-1.70077331926337,-1.12730739876552
"NFATC1",-3.09617427221143,2.42593532070992,-1.23828423146422,1.14309637847027,0.437656751693969,1.00408701405255,-0.48297327092316,0.808476165128765,-3.55061330229471,2.15240104808671
"NFE2",-3.20635044210693,1.65880728214983,-1.63627492375857,1.29322782502088,2.24461592084919,0.549549865691313,-1.19088938576678,-1.61697408208934,-1.31617618416933,3.06309825757527
"NFE2L1",0.902632344247938,2.4321420031832,-0.155109020490002,0.682366195492221,-1.43380362821365,-1.10667107331046,0.377880508344522,-0.465020362949473,-1.8543189828261,0.807327269550122
"NFE2L2",-3.32697988927746,-0.81406680604384,-2.14879028585321,-1.12662226857016,1.89070725940722,2.49774718912029,-1.41778515303774,0.204441734472367,1.13809541980539,2.33239373786252
"NFIC",-0.582992901871768,-0.852281787255004,0.195350610372152,0.120861895684946,0.222731131068356,-0.368368530520921,0.636545186263256,0.00883544250838155,0.438976542943189,0.432524573299097
"NFKB1",-3.96686726553368,2.29769538429653,-2.22313514919116,0.19189307742067,3.14630358924004,4.18484654448832,-1.33018102270851,-0.981459262614771,-3.50314398842981,0.259003574316353
"NFKB2",1.60625840625679,0.149823209851531,1.24459075930978,-1.56273889806648,-2.57083373975786,-2.39570777207894,2.46096341285145,0.633094529848311,0.822141941976668,0.405169288520265
"NFYA",-1.613642158326,1.45677193447154,-0.86977154724023,-0.79962434732216,0.299665998473897,0.402042338262198,-0.0201990592626362,-0.615696626415474,0.506994960208,0.937280857943539
"NFYB",-0.803116650397593,2.95195715995999,-1.15681845098439,1.49033255726752,-1.90085802123234,-0.0127759013711613,-0.046060815597776,-0.0403699067732412,-0.752477613597345,0.34364174599834
"NONO",-2.25492158956888,4.31916891047289,1.2709028290894,2.66961268516779,-0.897274893929865,0.678402196787247,-3.10042740017939,0.234081070497725,-2.08314290661819,-0.557842644837412
"NR1H2",-2.07351062730297,2.30150151236048,-0.641029996945058,4.01796373241116,1.34930311668549,1.42510508649088,-3.43548772488424,-1.47851406482699,-1.70825743351602,-0.223704406154773
"NR1H3",-2.17679673903483,1.59940738262399,-2.25968549498113,2.58742972277221,1.91810888513418,0.689430349430894,-1.55367143777106,-1.2156598303897,0.039449000843815,0.409114273862534
"NR2C2",0.563774494235578,0.799611295316398,0.466801432892894,-2.34687542882391,0.406660544476239,1.08249083123663,-0.0208773451553467,-0.124380088501701,0.367820211285007,-1.76964703380652
"NR2F1",-0.854290190027884,-0.657391004669463,-0.0039851568336303,2.13480652652489,2.7074777868496,-1.99862200457957,1.82762939062117,-0.820681473420838,-0.153965934976008,-1.20030607899827
"NR2F2",0.463819082371054,0.554412553386536,0.082377084151213,-0.333282051658926,0.170249200779812,-0.593584842114928,0.038214034949944,0.189154638934676,-0.0500039701959875,-0.15913001370245
"NR2F6",-0.0803350378863951,-1.0558349350697,2.49493074820049,0.584446694158329,-2.44063658381701,-1.00336017698311,0.828410137172374,1.42917743595054,0.04781047145157,-0.504106659478587
"NR3C1",-0.0451633422986664,-0.692119354947695,1.15794413627484,0.118060033948182,-0.547502131975841,-0.28161929556523,-0.379650352640603,0.138513869393183,1.0795835333374,-0.463272948317513
"NR4A1",-0.340602169749412,1.76380435796433,1.09206693139678,2.92272401041546,0.39851591868028,0.448033500158861,-1.32863369361842,-2.64745631842195,-3.36279833078467,0.441530224626713
"NR5A2",-2.71528183302793,1.39028324872888,-1.66665058880642,1.65318541254778,1.88958514575017,1.85710080070473,-1.51029921800374,-0.201332993638969,-1.57808056463318,0.0462430026542633
"NRF1",-2.56470942525185,0.22630257737982,-0.405921577578184,2.90397917759252,0.407193228536915,-0.149485616659681,-0.260610738601587,0.693879818158405,0.0715247777856089,-0.368330732586914
"ONECUT1",1.95624700847655,0.867011015110278,-2.74322450142409,-1.35055445592516,-1.19957504853704,-0.715645943459121,0.944353752870553,-0.794177869701435,-0.493655869319845,4.51580450870952
"OTX2",0.233224831401137,0.477950229155199,-1.99059127547471,-0.0946805107614304,-0.910729178104343,-0.635178435878583,1.35946768572711,-1.03654092379059,-0.704534684587967,3.65900983213772
"PAX5",-1.8802849479027,1.4331658200565,-0.404492820931645,2.28526700741234,1.50913720291571,-0.366238186730239,0.248239410107829,0.727742871113536,-2.67642369906957,-0.539163425108206
"PAX6",-0.588217000356451,0.0679808785885521,-0.306628574210548,1.3291196977047,0.67565255240756,0.592492727732509,-0.18066217137529,0.697367039541823,-1.4988983999624,-0.626386434159946
"PAX8",1.46889989276238,1.19674126561928,0.24492513494905,-0.41061525937869,-0.599848280096684,-1.10136039629959,-0.510393104646885,-0.6493521382593,-0.0381069877983799,-0.046367222221045
"PBX2",0.393363678965304,3.29007345705524,-0.161867693719212,0.918281450425661,-0.529382788807562,-0.698909259462099,0.292967364529709,-1.04489920711801,-2.68345890181665,0.464043083678402
"PBX3",-0.53168463459535,2.56906115810067,-1.04124866494387,1.06066295527778,-0.29526547576439,-0.158103439672829,-0.849674127053473,-0.568815611249595,-2.61295795269799,2.83229473555312
"PDX1",0.270056766023801,1.65568813944083,-2.22359682751162,0.529900477598114,-0.0281251487119397,0.383883935201764,-0.87073258641928,-0.775976981141544,-1.75163176585066,2.94617565298796
"PGR",0.45830003094168,1.22253720373087,-0.871470020225592,0.535931432558184,0.773934821654488,0.994771802949679,-0.0643731352966743,-1.22886187827031,-2.07123469163249,-0.019899485645828
"PKNOX1",-0.529363914367082,1.62079805952441,0.259560667871652,0.542538248067419,-0.36692920260973,-0.00636837665090849,0.116376981833272,0.830645322012474,-2.36973380890058,0.0928048482407706
"POU2F1",-1.15804473266161,0.222473455392841,-1.03129840371637,0.957799545145796,1.4842514279139,1.13620738208661,-0.447443524857844,-0.789747043726663,-1.078186608382,0.119493663175498
"POU2F2",-0.74482429259612,3.58645407746447,-0.238918388133087,2.66435267421834,-0.487708498214771,-0.128922643571572,0.283509686138843,-2.03150345337844,-4.13671520719461,1.05881941171735
"POU4F2",1.50837094021168,0.858927261453944,-0.725467748347165,0.996292473583177,-0.529775809253886,-1.06518534229017,0.52586592287101,-1.85135525670049,-1.26494267245514,1.92839162054875
"POU5F1",-0.647731169944388,2.19265094269836,-1.59627248857181,0.34324733519375,0.0590271419145739,0.425188318702881,0.689917638452653,-0.830112830231124,-3.49499687956239,3.16781641373544
"PPARA",0.241587436603547,0.493432424865068,-0.903051119582083,0.94886522881359,-0.0863384642688615,0.384104914514845,-0.110607391708595,0.22060455944919,-1.33357016653152,-0.0844720948814841
"PPARG",-1.69390687289958,0.118192553129661,-1.49648853862887,-1.34335414455015,-0.605501118386638,0.921295823145772,-0.564788896732778,0.763188604008444,1.11196424471425,2.77131906517397
"PRDM1",-1.26138722051442,1.1466972353915,-0.55165607146838,0.332986838596538,1.57208832505725,1.15868861789768,-0.28313333700691,-1.23690931173332,-1.8304758332714,-0.117030093587313
"PRDM14",-1.38346340423339,3.66841357452509,0.0507538757384016,5.53142059259369,3.01855843515339,-1.53763720027726,-1.14496738506213,-2.14556789533627,-4.01305127261299,-1.24420376240815
"PROX1",-0.655507123367783,0.826400330258882,-1.37666831776968,-2.02158559753398,2.4262304526192,0.892157140473667,0.280440029948418,-1.23119452937239,-1.30856704964557,1.45888665918603
"RARA",-1.22671885049128,2.85361485581128,-1.28908849767908,0.905052239831314,-0.0647296185432509,0.95097159962199,-2.03382648703201,-1.01628134355106,-0.755431102117303,0.893009868731495
"RBPJ",-2.39768113238724,2.14163252538299,-2.95119946446632,1.38592709098413,2.1491786287117,1.97480721895217,-0.0782261461160594,-0.626554370742165,-4.28949583888551,1.77485816066712
"RCOR1",0.765165709755121,-3.37056303392673,0.924584788049917,-0.999602249809385,-1.38867187243992,-2.45127241520312,2.20501633911428,2.23995831760952,3.63432022038352,-0.0947966625131431
"REL",-3.54461921892271,1.71951565136698,-0.711372116331087,0.984484747098068,1.87738186409814,1.14173852472026,-2.1436422520813,0.910662289349573,-2.54571768295733,0.966965277909928
"RELA",-3.81389388317717,2.45599229041828,-2.19394943620574,0.71144067031691,3.01125307760517,4.28082799447065,-2.47704907820841,-0.692356498234204,-3.90811007432437,0.753718393611244
"RELB",-2.07327784195289,0.299555591471252,-1.37497632958335,0.366305971394963,2.02271314674791,2.05296155707819,-1.55808809129398,-0.725216971554186,-0.979238215225778,1.07655373537812
"RFX1",0.171457377815719,2.0663844935531,1.14740076043601,1.19101067876336,-0.918794305564841,-3.06826294333544,-0.370417493420974,0.952587567868563,0.163691960976491,0.0475543937303108
"RFX2",0.366776876589199,-0.359520139959653,3.44405940445154,1.16213224218665,-1.24515262508951,-2.62874686398781,1.42410788214503,0.804725239855951,-0.342736911712092,-1.84357756703154
"RFX5",2.70501781992307,3.54519035227049,0.755623969743448,-0.734781103048117,-3.47288211666389,-2.5845103883464,1.28944981476591,1.2141370701868,-2.01567012532439,-0.576745889149934
"RFXANK",2.8589633375078,3.54804030758359,0.889519790800059,-0.82919648133366,-3.46394325521175,-3.02743176824461,1.60394497455864,0.783884577323374,-1.86175323172627,-0.309133259598924
"RFXAP",2.8589633375078,3.54804030758359,0.889519790800059,-0.82919648133366,-3.46394325521175,-3.02743176824461,1.60394497455864,0.783884577323374,-1.86175323172627,-0.309133259598924
"RUNX1",-1.92302113979852,0.131269415567771,-0.620779615130094,0.472539185696773,1.92893770300029,0.632525836071114,1.46421655597281,-0.848783753567325,-0.81297270176799,-0.474867211051887
"RUNX2",-0.43804918107356,0.518462860821403,0.738571068848031,1.99503508703186,1.91508130890269,0.833981177569149,-1.01688002573249,-3.00980534056968,-3.58839824415307,0.881809744324301
"RUNX3",-0.449320438129617,-0.374552157601705,-0.714487031741162,-0.803505668298165,0.0482288160649238,-0.924698863164377,1.53616165621867,-0.444059735637424,0.654980236888758,2.00836014249404
"RXRA",0.698406607194665,-0.0761482357891931,0.380915459300519,0.523865897457062,-1.36199426893151,-1.5086353050002,0.772603481610403,0.884737915659353,0.671485913874135,-0.218343289682389
"SIX2",1.20365471660092,1.93311202689386,1.44543625026618,2.13392769556268,-0.213434543178894,0.189974260211038,-0.970974615085838,-2.57547688807069,-3.44940007313995,-0.145122555388829
"SIX5",0.222629382529994,-3.00304726075373,-1.17444814533829,3.52542338055221,-0.214098335541363,-4.46372190785838,4.10033869346553,1.35435238913551,3.6624782811977,-2.07632964524418
"SMAD1",-1.11278276462293,1.58752180127359,-0.953910528895806,-0.640135970460699,-0.106711191916445,0.136460189340558,0.54447647584925,0.107263845069711,-1.93036111531533,2.28627563434151
"SMAD2",1.09835826692738,1.33698828196419,-2.45445690142416,-0.524347421869184,0.870402015925063,-0.66312423720866,0.842853549316798,-0.653061045771526,-1.81455202976653,1.88594975499926
"SMAD3",-1.83266770980086,2.37849878759996,0.803061833017576,3.03732306336994,1.59145836692044,0.410822251359037,-1.56091398430473,-1.5764828296273,-3.3165516697044,-0.430060371299164
"SMAD4",-2.14284477438772,2.01307463990346,-2.16233857268659,3.10006031127312,2.81199898706024,1.1350990638348,-3.44517601438064,-1.03339412019104,-1.67396628933143,0.437523876262271
"SMAD5",0.455335683186216,3.14297916098235,-0.0407703900927828,-0.587040799771976,-1.01782290344033,-0.949135490790155,0.147017578776602,-0.850811506681396,-0.205973588197341,-0.101669684728472
"SMARCC2",-1.10250891005192,2.8058207513739,0.0485916570126762,0.489832784964043,0.630479918598317,0.744866124846568,-1.9890125892764,-0.420580103317599,-1.79941480552609,0.191704135996529
"SNAI2",0.907892901181513,-1.85370286596784,2.18553833403622,-4.40951818178183,-5.3214716393725,-1.47043236326523,3.13548506534922,4.07098970124934,2.15934979967484,1.4273850085033
"SNAPC4",-2.62559206279336,-1.79622313533125,2.36841972529521,3.81319564874513,0.996564659951796,-2.61368882838222,1.63449300501505,-0.583711784694774,1.55021009385159,-1.11633848565481
"SOX10",0.0894599463163745,1.56357422563693,1.27142927330623,0.903597484018938,-0.55859277648389,0.146147488357326,0.490870657857712,-1.10209668477454,-2.99371196138306,-0.520640979913542
"SOX11",0.46956047643481,1.2273043273132,-0.24844591079273,-0.385765020098566,-0.745290431392557,-0.00392645305467062,0.646392118473304,-1.20771151151768,-2.5337453511772,2.46978002606384
"SOX13",-1.96284026920648,2.3500753316294,-0.155105205341801,1.00698333872251,0.405583014566354,-0.19174228976409,-0.636085105683671,0.0218838481730152,-2.04476816410568,1.0805575393418
"SOX2",4.14643594156044,5.17109549538877,-1.13329593480603,0.524861243179594,-4.1736076820865,-2.05177057841747,0.650427057908912,-1.28226846010008,-5.60345319450315,4.66517134417834
"SOX6",-0.278844772578054,2.7771838404534,-1.65389376601106,-0.910638663601796,-0.53393170674533,-0.288316710456686,0.860489384773796,0.118003981234696,-1.79382485072999,1.94539381911087
"SP1",-4.14581506179544,0.363424379810131,-3.8549726972688,1.60645655668719,3.89680637803488,3.62144434753092,-0.503430722086302,0.282782410726706,-1.95845741406003,-0.165108797603127
"SP2",1.40049727133159,2.82991936032276,-0.140127507607441,1.27830079700361,-1.05441388328658,-2.09529141485689,0.119565815697943,-0.490274471448682,-1.48197023383792,0.211242016067867
"SP3",-1.13421280609123,-0.156156858932319,-1.17428292135982,0.819626266493269,1.25380794862369,1.51423220267552,0.296644233393407,-0.723663935320806,-0.898248497381959,0.211419802053173
"SP4",0.305796802343292,2.08794291497144,-1.68843372532185,2.23068379708973,-0.551606098121832,-1.30371122961996,0.762805305577148,-1.64262105641657,0.430651971617821,0.0719351217160529
"SPI1",-4.84598651796999,0.0947680089008327,-1.27177202562687,0.372746589861922,1.10770670837366,0.868272863688534,2.37239610936013,-0.0936980575108419,-1.55467502573922,3.30014073462231
"SPIB",-1.71730775513659,2.3325429984822,-1.43224572559818,-1.78233084067111,-0.106366700959068,0.0365219733524982,1.90667337685939,1.48278553959292,-1.17432251900064,1.23101419149759
"SREBF1",-3.00690361486567,0.868180966361805,-1.32091302037343,1.03404857848467,2.40725282793206,2.1818427678543,-4.42661433871681,-0.182168355042443,0.485496412874038,0.874675735829715
"SREBF2",-3.14857874926366,1.08788402435023,-1.03117481509455,1.48575107665377,0.387609771095141,1.20468432803067,-3.17118785292756,0.0807712211734523,1.47503669678708,1.04515990796169
"SRF",-2.68967769541861,1.18583139754789,0.737796875281284,2.10105750780188,0.676615145229007,0.793047929508144,-0.0925899311001168,-1.19996784314168,-2.28855813596152,-0.410077300675008
"SSRP1",-2.81618651615579,0.331984287740299,0.0797458487101626,-0.205447170409084,1.46872116270353,3.63442075037467,-0.776902881872637,2.12171351459141,-1.75972808803069,-3.06781681972772
"STAT1",0.153844858426101,1.96746284724315,-1.3957766972986,-1.99925942318496,0.901675502344449,2.09168377875394,-0.644406044532781,-4.56501967187998,-0.545784152151684,3.50363536147052
"STAT2",-1.3119968432188,1.45865615552749,-0.12341485603548,-3.51741515261322,-2.63069027220075,0.239490483680689,1.90844195433351,0.588030915795744,0.782185928750323,3.32344949179998
"STAT3",-2.46784362031842,2.05739878911161,-2.42017378485547,1.16990644071608,2.26746779930296,5.19356567484826,-1.79373665296804,-1.03820716693074,-5.03176332019416,0.43535041218086
"STAT4",-0.39916669052142,1.75659172153468,-0.795119563616426,-0.85588786091464,1.2374213705499,1.59980931535695,-0.826420750092968,-0.577521336710553,-1.69279574264626,0.0928307780323469
"STAT5A",0.984087026339787,-0.808057016651431,-0.638704939938808,1.8559507929593,1.33740632476457,2.49883549628059,-1.37703730399521,-1.47452475814315,-2.34776458204266,-0.576125120412404
"STAT5B",1.40868085140872,0.354523693924414,-0.116861441909418,2.36278239147152,0.753752737432602,2.32676204971185,-1.43666101590924,-1.72200942414684,-3.23134690631719,-1.09193598225961
"STAT6",-2.50967311913103,0.985466850780622,-0.69011583959302,1.08213656275596,1.91600569085389,3.03890064762089,-0.990165855173298,-0.375234397627166,-3.4955315657806,-0.286050591918557
"T",1.16040854089328,1.72481223057288,0.470398453228817,3.3202602959814,-0.596023954223898,-0.755625846856553,-0.80562039713954,-1.72121123004579,-1.66231255815009,-0.267867157713852
"TAF1",0.387005106332488,5.52311373788919,-3.7494832058785,0.47824491506387,0.592776688595515,1.1669499621605,-2.42460446616588,-2.6871579924421,-2.48724553293638,2.97002893541439
"TAL1",-0.536775062644641,0.958607888448049,-1.48290093649719,0.269582280999696,1.18989778155945,-0.0765074739650989,0.374733453903986,-0.967686376308854,-0.902610074772247,1.32324069547112
"TBP",-1.97009598940948,2.17492607681802,-0.557698020696207,1.85701406969571,2.67111842187371,1.98758357092786,-2.10430818844011,-2.063762480694,-2.99957330659243,-0.25060275325659
"TBX21",-0.793633030849894,1.51839365174264,0.07462781804999,0.89802748987607,-1.65412987947991,-0.0781671907890811,1.15781025753927,-1.57219334920237,-1.74504909202918,2.46997013201583
"TCF12",-1.04309282866164,1.94408287834871,-3.06715139732529,0.305952693029771,1.95078210058711,3.39024270184142,-0.105758144801845,-2.12832442905546,-5.08617580796113,2.59423764562135
"TCF25",3.37048692197014,-0.870763528713112,-3.30513537504453,-2.68565775456383,0.269401411624921,-0.562871069762872,0.725570969700486,-2.45991831520395,1.80612970687263,3.69483514309481
"TCF3",-1.89630305712989,0.217076149646374,-0.943911764733402,-1.25604614375206,1.87494508929313,1.8949974652064,0.0646790863603672,1.12003558108796,-0.831657399755896,-0.625074220507648
"TCF4",-1.80175186142419,1.80411941173881,-2.94761371493854,-1.11720190365811,3.05954077750997,1.91499527925239,-0.343247983331964,-1.39054873526701,-3.01356093329809,2.70080715567535
"TCF7",0.179471891345207,1.61671266535242,-0.983734875519493,0.81763415628363,0.890740262152699,0.668293307171848,-0.890414601529768,-1.97727462897798,-0.8166462124933,0.800251084174952
"TCF7L2",-0.827006382037518,-0.218573111551996,-2.41163637105724,0.45000226874982,2.00134573516878,2.65460457747796,-0.91657954608491,-1.30983176832309,-0.275287748181251,0.430741449323177
"TEAD1",0.0494134471815018,1.62789658444307,-3.51897795234634,1.67169499152708,2.34330668164884,2.68090016652375,-1.39675005743253,-3.93542102163645,-5.36740174734507,3.96430686673649
"TEAD2",-3.29571277871384,-0.177519044242159,-0.963776281325215,1.43754833365587,2.66766429585588,2.04023706638891,-1.37925724828291,0.821841355629835,-1.10249883781253,-0.650726223361016
"TEAD4",-2.18523611073459,1.63414298359474,-1.62930891074372,1.09049474995989,3.4959017316663,3.96211656165078,-1.48427741545139,-1.09064801994475,-5.21293701731517,-0.251440433957784
"TFAP2A",-0.798838551620422,1.48377300699355,-0.878029422372229,0.0709589143343879,1.33919780276559,0.869991649809719,0.327604335791542,-0.250222512166098,-2.01902907808557,-0.371683589491982
"TFAP2C",0.719061128568122,0.324001681433973,0.231279879750705,0.901999647153465,-0.662864039892092,-0.913887929138927,0.539788464059445,-0.531977674344019,-0.03811060208763,0.218409047744372
"TFAP4",-1.49669851646543,2.16467002964966,-0.714809854448085,2.31478987612691,2.81552938437263,1.35847601559814,-1.60312193189533,-1.8424088798393,-2.50675462747048,-1.01876248643389
"TFDP1",0.525388491963447,-0.981011649554961,1.46942808438712,1.0303802098601,-1.12255069356751,-1.02745715489366,1.74171380824769,1.14563854334772,-1.52617960855823,-1.15535902519871
"TGIF2",1.42862849163493,-0.565317035920596,0.247822228042876,0.13616441113237,-0.943782611805485,-0.168190992761677,-0.846639910209679,0.229014514224137,-0.732646227242352,0.941308484295554
"THAP1",-3.78717949213554,-0.8304054347956,-2.64486851719988,3.48146557602308,5.11480527067678,0.553785756994411,0.297041817609396,-1.79125465207483,0.277360824143129,-0.251634680468624
"THAP11",-2.43421864698282,-0.757687130770328,0.0701128899997489,1.19804057088516,2.48035163431147,0.824308584158108,-1.81433417634726,-0.340579869942471,-1.3992552220072,1.47058246754254
"TP53",-0.979094987363058,0.577235021320615,-1.00406911429947,1.76615157843635,0.119826488031018,-0.148592507659233,0.97500651945894,0.605006081486775,-1.71126546352202,-0.389984338881712
"TP63",0.612858702049034,0.953609453789205,-1.17132715098393,-1.64258410892496,0.82739058247834,0.703541401815325,-0.413856299286505,-1.02270049875972,-0.307106241143807,0.984063474634226
"TP73",-1.02850446047088,0.787673398185081,-2.31585454505067,0.417689715589531,0.710075551381632,0.772603486137955,-0.236071900272089,-0.574993736999456,-0.583318085312707,2.20079743126116
"TWIST1",-2.37079507892969,0.804976686219025,0.328277242197886,1.19358142946785,0.400129818982357,-0.294620175909848,-1.16361682904342,0.609102996444145,-0.322988643827163,0.632859552997982
"UBTF",-0.773368155908429,1.21999366073818,-1.79428561804453,-0.21982755843287,0.835996988925484,-1.49024014134178,0.792352565504346,-0.270989422955343,1.23860926339911,1.47034339927678
"USF1",-0.782669172625432,-0.212149649299216,-2.01887663926345,0.270646198511892,0.988357592664829,1.07417876820721,0.0774457178235262,0.765230987834971,-0.73970705300968,0.549063072491639
"USF2",-0.973318287396076,0.460263133693383,-2.39131213418434,-0.261684409435179,0.0779955640603914,0.51061134833195,1.51887088696352,0.659618122131659,-0.966635290141869,1.82261800584
"VDR",1.10855125831585,1.64735923452407,-0.650732603816565,-0.596605788718207,-0.121787438922444,0.23328126566342,-0.00097063843765052,0.605971859905597,-1.78170657173329,-0.767102894768243
"WT1",-2.5422263230572,0.00326836072628518,-1.20702077274634,-0.443109057265774,0.768133220115154,1.67981902226557,-0.911795694716818,0.672745084963658,0.373059958965685,1.13130678330568
"XBP1",-1.21990197250657,0.0757389601590534,-0.196531206735897,-0.423484201649397,0.421727374544586,0.546566255324125,-0.0351326770864461,1.23945669962828,-1.03910614081517,0.950482835167076
"YY1",1.55319100132269,1.52901223169976,-0.670572336018,0.969307213585721,-0.372923124555937,-0.5155758704691,-0.0282733183798814,-0.863352736850005,-1.42664988911313,-0.257559915914727
"ZBED1",-2.41361701055845,1.66872633939699,-0.195016271232764,0.287724868369908,1.22774618723036,1.49331032320911,-0.742581501674856,-0.992644205703301,-1.25292895775139,0.292945600505989
"ZBTB11",2.06933404981185,3.29876563045673,-5.47524724881493,-0.45142450497809,0.198081806637146,1.96623805604913,-0.65814791175541,-1.91311358860839,-0.564545397770914,1.55680860564293
"ZBTB33",1.4321503735448,0.0353295012594164,-3.08057199522876,-2.41770717113535,-0.777722291952597,1.41590385643636,1.15798185169231,-0.939659190882208,1.0400692554687,2.36803337321489
"ZBTB7A",3.13242357873845,-0.0168665332442847,4.14938371833536,-4.58753536500096,-7.17457108924698,-0.400831104514431,-0.00847056267735388,2.13696293415468,0.41554898881252,1.71508415623012
"ZEB1",0.528131287191569,-1.2510440804113,0.678145464544065,-1.84917532961209,-1.64269030834913,-0.154090376802587,0.150562539235549,0.441246253311475,2.26069622803401,1.57479943243939
"ZEB2",-0.0290909310309958,-1.4194085266871,2.55786793310591,0.127819621744792,-0.791906646254601,-0.260599670666121,-1.13709962922416,1.51665723082849,2.05661915709191,-2.91080741127515
"ZFX",0.00731630253670893,2.76320987401581,-1.36924666835196,-0.381782913400951,1.18257238136803,1.44508231880677,-1.42722799762653,-3.12887548740389,-0.815897866579545,0.950542515737814
"ZKSCAN1",-3.23455490451091,1.64351062018137,-1.0285779179213,1.59205087013703,2.80038677538501,1.13567582732914,-0.432262355690167,-0.0687463226267285,-1.95680829329038,-0.976728198911232
"ZNF143",-1.1677941253254,1.72185595363792,-0.682140963831059,1.33556740879685,0.942879147100692,1.73919407520364,-0.0675354872843081,-0.719498758650006,-3.01552696809771,-0.0921088965423783
"ZNF217",-0.811226681302793,0.595418448434798,-1.95397703568591,-0.89812850240057,1.65791258779052,1.5227612049235,-1.01294505236724,-1.25394321942992,-0.82068424115139,1.97147442913654
"ZNF24",1.27556716555831,-1.61756689848812,0.0768883170139629,-1.22938101409162,-0.224305675579892,0.0274214816109046,0.967916801112094,0.623137412843432,1.46195821815134,-1.23577293415858
"ZNF263",0.525212821516622,-2.80048354251941,0.86613373050937,-6.62270772953864,-6.07212238556112,1.32171015821587,1.20268419484799,3.18960658343315,4.79218393659865,2.70686429421115
"ZNF274",-0.828278788171655,-2.57644212659709,-1.06774322443658,-1.05805177986758,0.131454276775757,-0.833489559892599,2.2103560898642,2.0041285522091,-0.0670463648265024,1.48724917048435
"ZNF384",-2.22544701544377,5.51928467269527,-2.44484263342223,-0.643497572829323,0.668195606707338,1.33651098426889,-1.59132524585962,-1.43098910258088,-2.13877453945616,2.78638570140248
"ZNF592",0.204810895591702,1.44314719108765,0.209381108892282,1.46628705219273,1.12658980866847,-0.98959851455931,-1.61928795128226,-1.76864813484817,-0.335174714369473,0.314141011625589
"ZNF639",-1.41146790641827,-1.68736700361633,2.438867631295,-1.06210791520539,0.114038213590557,-1.54533518843106,0.856253507380806,3.07605957856705,1.62868210527174,-1.38243516895932
"ZNF740",-0.869430439332881,3.50206295837745,-2.00518292696825,2.18680801410485,0.808113775961416,-0.491712680764288,-0.786255979084026,-0.900427136152264,-0.543759946956214,0.0350184082137138
